normalized_title	original_title	identifier	path
ectc 2026 spotlights advanced packaging	ECTC 2026 spotlights advanced packaging	https://advancedpackaging.news/article/124287/ECTC_2026_spotlights_advanced_packaging	raw/_to_delete/2026-09-15_advpkgnews_ectc2026-hybrid-bonding-plp-cpo-highlights.md
the future of packaging gets blurry fanouts abf organic interposers embedded bridges	The Future Of Packaging Gets Blurry - Fanouts, ABF, Organic Interposers, Embedded Bridges	https://semianalysis.com/2022/11/01/the-future-of-packaging-gets-blurry/	raw/articles/2022-11-01_semianalysis_packaging-gets-blurry.md
ai capacity constraints cowos and hbm supply chain	AI Capacity Constraints - CoWoS and HBM Supply Chain	https://semianalysis.com/p/ai-capacity-constraints-cowos-and	raw/articles/2023-07-05_semianalysis_ai-capacity-cowos-hbm.md
ai expansion supply chain analysis for cowos and hbm	AI Expansion - Supply Chain Analysis For CoWoS And HBM	https://semianalysis.com/2023/07/26/ai-expansion-supply-chain-analysis/	raw/articles/2023-07-26_semianalysis_cowos-hbm-supply-chain.md
a review on cmp challenges in hybrid wafer bonding and wafer level packaging	A Review on CMP Challenges in Hybrid Wafer Bonding and Wafer Level Packaging	https://nccavs-usergroups.avs.org/wp-content/uploads/2023/09/JointUG923-5-BasimGB.pdf	raw/articles/2023-09-13_nccavs_intel-cmp-challenges-hybrid-wafer-bonding.md
hybrid bonding process flow advanced packaging part 5	Hybrid Bonding Process Flow - Advanced Packaging Part 5	https://newsletter.semianalysis.com/p/hybrid-bonding-process-flow-advanced	raw/articles/2024-02-09_semianalysis_hybrid-bonding-process-flow.md
iftle 608 is chip packaging the new front on the us china chip wars	IFTLE 608: Is Chip Packaging the New Front on the US-China CHIP WARS?	https://www.3dincites.com/2024/10/iftle-608-is-chip-packaging-the-new-front-on-the-us-china-chip-wars/	raw/articles/2024-10-01_3dincites_us-china-chip-packaging-geopolitics.md
making hybrid bonding better	Making Hybrid Bonding Better	https://semiengineering.com/making-hybrid-bonding-better/	raw/articles/2025-01-01_semieng_making-hybrid-bonding-better.md
ucie for 1 6t interconnects in next gen i o chiplets for ai data centers	UCIe For 1.6T Interconnects In Next-Gen I/O Chiplets For AI Data Centers	https://semiengineering.com/ucie-for-1-6t-interconnects-in-next-gen-i-o-chiplets-for-ai-data-centers/	raw/articles/2025-01-01_semieng_ucie-1-6t-io-chiplets-ai-datacenter.md
iftle 618 ucie standard vs ucie advanced vs ucie 3	IFTLE 618: UCIe Standard vs. UCIe Advanced vs. UCIe 3	https://www.3dincites.com/2025/01/iftle-618-ucie-standard-vs-ucie-advanced-vs-ucie-3/	raw/articles/2025-01-28_3dincites_iftle-618-ucie-standard-vs-ucie3.md
top 10 osat companies of 2024 revealed china players see double digit growth reshaping the global market landscape	Top 10 OSAT Companies of 2024 Revealed—China Players See Double-Digit Growth, Reshaping the Global Market Landscape	https://www.trendforce.com/presscenter/news/20250513-12577.html	raw/articles/2025-05-13_trendforce_top10-osat-2024-china-players-growth.md
iftle 634 micron invests onshore tsmc copos	IFTLE 634: Micron Invests Onshore; TSMC CoPoS	https://www.3dincites.com/2025/07/iftle-634-micron-invests-onshore-tsmc-copos/	raw/articles/2025-07-01_3dincites_micron-onshore-investment-tsmc-copos.md
iftle 636 samsung s approach to silicon bridges micron hbm packaging planned for virginia	IFTLE 636: Samsung's Approach to Silicon Bridges; Micron HBM Packaging Planned for Virginia	https://www.3dincites.com/2025/08/iftle-636-samsungs-approach-to-silicon-bridges-micron-hbm-packaging-planned-for-virginia/	raw/articles/2025-08-05_3dincites_iftle636-samsung-silicon-bridges-micron-virginia.md
scaling the memory wall the rise and roadmap of hbm	Scaling the Memory Wall: The Rise and Roadmap of HBM	https://semianalysis.com/2025/08/12/scaling-the-memory-wall-the-rise-and-roadmap-of-hbm/	raw/articles/2025-08-12_semianalysis_hbm-roadmap.md
ucie 3 0 specification redefining chiplet interconnects	UCIe 3.0 Specification: Redefining Chiplet Interconnects	https://www.uciexpress.org/post/ucie-3-0-specification-redefining-chiplet-interconnects	raw/articles/2025-09-03_uciexpress_ucie30-spec-redefining-chiplet-interconnects.md
foplp trial yields reportedly reach 90 at powertech as tsmc advances copos development	FOPLP Trial Yields Reportedly Reach 90% at Powertech as TSMC Advances CoPoS Development	https://www.trendforce.com/news/2025/09/12/news-foplp-trial-yields-reportedly-reach-90-at-powertech-as-tsmc-advances-copos-development/	raw/articles/2025-09-12_trendforce_foplp-competitive-landscape-2025.md
stmicroelectronics joins panel level packaging race with new french pilot line launching 3q 2026	STMicroelectronics Joins Panel-Level Packaging Race with New French Pilot Line, Launching 3Q 2026	https://www.trendforce.com/news/2025/09/19/news-stmicroelectronics-joins-panel-level-packaging-race-with-new-french-pilot-line-launching-3q-2026/	raw/articles/2025-09-19_trendforce_stmicro-panel-level-packaging-france.md
through the glass why the rapid development of tgv demands rigorous analysis	Through the Glass: Why the Rapid Development of TGV Demands Rigorous Analysis	https://ontoinnovation.com/resources/through-the-glass-why-the-rapid-development-of-tgv-demands-rigorous-analysis/	raw/articles/2025-10-06_onto_tgv-metrology-rigorous-analysis.md
hybrid bonder market could hit 2b by 2028 as korean makers push next gen hbm tools	Hybrid Bonder Market Could Hit $2B by 2028 as Korean Makers Push Next-Gen HBM Tools	https://www.trendforce.com/news/2025/10/07/news-hybrid-bonder-equipment-market-reportedly-near-2b-by-2028-as-korean-makers-race-to-next-gen-hbm-tools/	raw/articles/2025-10-07_trendforce_hybrid-bonder-market-2b-2028.md
iftle 648 unimicron glass core substrates and hybrid bonding	IFTLE 648: Unimicron Glass Core Substrates and Hybrid Bonding	https://www.3dincites.com/2025/12/iftle-648-unimicron-glass-core-substrates-and-hybrid-bonding/	raw/articles/2025-12-01_3dincites_iftle-648-unimicron-glass-hybrid-bonding.md
intel reportedly taps amkor s songdo facility for emib packaging in first ever outsourcing move	Intel Reportedly Taps Amkor's Songdo Facility for EMIB Packaging in First-Ever Outsourcing Move	https://www.trendforce.com/news/2025/12/01/news-intel-reportedly-taps-amkors-songdo-facility-for-emib-packaging-in-first-ever-outsourcing-move/	raw/articles/2025-12-01_trendforce_intel-amkor-songdo-emib-outsourcing.md
tsmc speeds advanced packaging ap7 targets 2026 output arizona p6 eyed for u s packaging hub	TSMC Speeds Advanced Packaging: AP7 Targets 2026 Output; Arizona P6 Eyed for U.S. Packaging Hub	https://www.trendforce.com/news/2025/12/04/news-tsmc-speeds-advanced-packaging-ap7-targets-2026-output-arizona-p6-eyed-for-u-s-packaging-hub/	raw/articles/2025-12-04_trendforce_tsmc-ap7-arizona-p6-us-hub.md
tsmc s cowos l s reportedly fully booked osat partners step up with ase s cowop in focus	TSMC's CoWoS-L/S Reportedly Fully Booked, OSAT Partners Step Up with ASE's CoWoP in Focus	https://www.trendforce.com/news/2025/12/08/news-tsmcs-cowos-l-s-reportedly-fully-booked-osat-partners-step-up-with-ases-cowop-in-focus/	raw/articles/2025-12-08_trendforce_cowos-full-booked-ase-cowop.md
apple reportedly to bring wmcm packaging to a20 series boosting iphone 18 thermal efficiency	Apple Reportedly to Bring WMCM Packaging to A20 Series, Boosting iPhone 18 Thermal Efficiency	https://www.trendforce.com/news/2025/12/18/news-apple-reportedly-to-bring-wmcm-packaging-to-a20-series-boosting-iphone-18-thermal-efficiency/	raw/articles/2025-12-18_trendforce_apple-wmcm-a20-iphone18.md
micron hikes capex to 20b with 2026 hbm supply fully booked hbm4 ramps 2q26	Micron Hikes CapEx to $20B with 2026 HBM Supply Fully Booked; HBM4 Ramps 2Q26	https://www.trendforce.com/news/2025/12/18/news-micron-hikes-capex-to-20b-with-2026-hbm-supply-fully-booked-hbm4-ramps-2q26/	raw/articles/2025-12-18_trendforce_micron-capex-20b-hbm4-ramp-2q26.md
iftle 651 intel and amkor join forces for emib	IFTLE 651: Intel and Amkor Join Forces for EMIB	https://www.3dincites.com/2025/12/iftle-651-intel-and-amkor-join-forces-for-emib/	raw/articles/2025-12-22_3dincites_intel-amkor-emib-hvm-partnership.md
dnp advances tgv glass substrates eyes early 2026 sample shipments fy2028 mass production	DNP Advances TGV Glass Substrates, Eyes Early-2026 Sample Shipments, FY2028 Mass Production	https://www.trendforce.com/news/2025/12/22/news-dnp-accelerates-tgv-glass-substrate-push-with-late-2025-pilot-line-early-2026-sample-shipments/	raw/articles/2025-12-22_trendforce_dnp-tgv-glass-substrate-2026.md
samsung reportedly plans 50 hbm capacity surge in 2026 spotlight on hbm4	Samsung Reportedly Plans 50% HBM Capacity Surge in 2026, Spotlight on HBM4	https://www.trendforce.com/news/2025/12/30/news-samsung-reportedly-plans-50-hbm-capacity-surge-in-2026-spotlight-on-hbm4	raw/articles/2025-12-30_trendforce_samsung-50pct-hbm-capacity-surge.md
navigating heat in advanced packaging	Navigating Heat In Advanced Packaging	https://semiengineering.com/navigating-heat-in-advanced-packaging/	raw/articles/2026-01-01_semiengineering_thermal-management-advanced-packaging.md
sk hynix 2026 outlook hbm3e dominates hbm4 dual strategy amid 3 market headwinds	SK hynix 2026 Outlook: HBM3E Dominates, HBM4 Dual Strategy Amid 3 Market Headwinds	https://www.trendforce.com/news/2026/01/05/news-sk-hynix-2026-outlook-hbm3e-remains-mainstream-hbm4-dual-strategy-amid-triple-market-headwinds/	raw/articles/2026-01-05_trendforce_sk-hynix-2026-hbm4-outlook.md
nvidia fuels hbm4 race 12 layer ramps 16 layer push by sk hynix samsung and micron	NVIDIA Fuels HBM4 Race: 12-Layer Ramps, 16-Layer Push by SK Hynix, Samsung, and Micron	https://www.trendforce.com/news/2026/01/09/news-nvidia-demand-fuels-hbm4-race-12-layer-ramps-16-layer-push-by-sk-hynix-samsung-and-micron/	raw/articles/2026-01-09_trendforce_nvidia-hbm4-12layer-16layer.md
tsmc may reallocate select 45 90nm mature node capacity to cowos related production	TSMC May Reallocate Select 45–90nm Mature-Node Capacity to CoWoS-Related Production	https://www.trendforce.com/news/2026/01/12/news-tsmc-may-reallocate-select-45-90nm-mature-node-capacity-to-cowos-related-production/	raw/articles/2026-01-12_trendforce_tsmc-mature-node-reallocation-cowos.md
hbm4 sticks with microbumps postponing hybrid bonding	HBM4 Sticks With Microbumps, Postponing Hybrid Bonding	https://semiengineering.com/hbm4-sticks-with-microbumps-postponing-hybrid-bonding/	raw/articles/2026-01-13_semieng_hbm4-sticks-microbumps-postponing-hybrid-bonding.md
hbm4 sticks with microbumps postponing hybrid bonding	HBM4 Sticks With Microbumps, Postponing Hybrid Bonding	https://semiengineering.com/hbm4-sticks-with-microbumps-postponing-hybrid-bonding/	raw/articles/2026-01-13_semiengineering_hbm4-microbumps-postponing-hybrid-bonding.md
sk hynix may stick with mr muf for hbm4 16 high amid fluxless bonding evaluation	SK hynix May Stick With MR-MUF for HBM4 16-High amid Fluxless Bonding Evaluation	https://www.trendforce.com/news/2026/01/13/news-sk-hynix-may-stick-with-mr-muf-for-hbm4-16-high-despite-asmpt-tc-bonder-orders/	raw/articles/2026-01-13_trendforce_sk-hynix-mr-muf-hbm4-16h.md
tsmc reportedly expands wmcm packaging for apple capacity may more than double by 2027	TSMC Reportedly Expands WMCM Packaging for Apple, Capacity May More Than Double by 2027	https://www.trendforce.com/news/2026/01/20/news-tsmc-reportedly-expands-wmcm-packaging-for-apple-capacity-may-more-than-double-by-2027/	raw/articles/2026-01-20_trendforce_tsmc-wmcm-apple-capacity-double-2027.md
tsmc reportedly expands wmcm packaging for apple capacity may more than double by 2027	TSMC Reportedly Expands WMCM Packaging for Apple, Capacity May More Than Double by 2027	https://www.trendforce.com/news/2026/01/20/news-tsmc-reportedly-expands-wmcm-packaging-for-apple-capacity-may-more-than-double-by-2027/	raw/articles/2026-01-20_trendforce_tsmc-wmcm-capacity-double-apple.md
tsmc advanced packaging capex projected to grow 24 cagr in 2025 27 ap7 eyes wmcm copos	TSMC Advanced Packaging CapEx Projected to Grow 24% CAGR in 2025–27; AP7 Eyes WMCM, CoPoS	https://www.trendforce.com/news/2026/01/21/news-tsmc-advanced-packaging-capex-projected-to-grow-24-cagr-in-2025-27-chiayi-ap7-targets-wmcm-and-copos/	raw/articles/2026-01-21_trendforce_tsmc-ap-capex-ap7-copos.md
chip tool giants accelerate advanced packaging push led by asml tokyo electron and others	Chip Tool Giants Accelerate Advanced Packaging Push, Led by ASML, Tokyo Electron, and Others	https://www.trendforce.com/news/2026/01/23/news-chip-tool-giants-accelerate-advanced-packaging-push-led-by-asml-tokyo-electron-and-others/	raw/articles/2026-01-23_trendforce_chip-tool-giants-tel-asml-packaging.md
samsung s custom hbm4e design reportedly aimed for mid 2026 parallels sk hynix and micron	Samsung's Custom HBM4E Design Reportedly Aimed for Mid-2026, Parallels SK Hynix and Micron	https://www.trendforce.com/news/2026/01/23/news-samsungs-custom-hbm4e-design-reportedly-aimed-for-mid-2026-parallels-sk-hynix-and-micron/	raw/articles/2026-01-23_trendforce_hbm4e-samsung-skhynix-mid2026.md
intel reportedly presents first thick core glass substrate with emib targeting ai data centers	Intel Reportedly Presents First Thick-Core Glass Substrate with EMIB, Targeting AI Data Centers	https://www.trendforce.com/news/2026/01/26/news-intel-reportedly-presents-first-thick-core-glass-substrate-with-emib-targeting-ai-data-centers/	raw/articles/2026-01-26_trendforce_intel-glass-substrate-emib-ai-datacenter.md
sk hynix reportedly to supply about two thirds of nvidia hbm4 samsung targets early delivery	SK hynix Reportedly to Supply About Two-Thirds of NVIDIA HBM4; Samsung Targets Early Delivery	https://www.trendforce.com/news/2026/01/28/news-sk-hynix-reportedly-to-supply-about-two-thirds-of-nvidia-hbm4-samsung-targets-early-delivery/	raw/articles/2026-01-28_trendforce_skhynix-two-thirds-nvidia-hbm4-samsung-counteroffensive.md
emib challenges test intel amid buzz of nvidia considering 14a 18a and advanced packaging	EMIB Challenges Test Intel amid Buzz of NVIDIA Considering 14A/18A and Advanced Packaging	https://www.trendforce.com/news/2026/01/29/news-emib-challenges-test-intel-amid-buzz-of-nvidia-considering-14a18a-and-packaging/	raw/articles/2026-01-29_trendforce_emib-challenges-nvidia-14a-18a.md
intel shows off leading edge tech with massive ai processor test vehicle huge chip features four logic tiles 12 hbm4 stacks and 8x reticle size	Intel shows off leading-edge tech with massive AI processor test vehicle — huge chip features four logic tiles, 12 HBM4 stacks, and 8X reticle size	https://www.tomshardware.com/tech-industry/semiconductors/intel-shows-off-leading-edge-tech-with-massive-ai-processor-test-vehicle-huge-chip-features-four-logic-tiles-12-hbm4-stacks-and-8x-reticle-size	raw/articles/2026-01-30_tomshardware_intel-ai-chip-test-vehicle-8x-reticle-hbm4.md
ucie s major technical components are now in place	UCIe's Major Technical Components Are Now In Place	https://semiengineering.com/ucies-major-technical-components-are-now-in-place/	raw/articles/2026-02-12_semieng_ucie-3-0-major-technical-components.md
isscc 2026 nvidia broadcom cpo hbm4 lpddr6 tsmc active lsi logic based sram ucie s and more	ISSCC 2026: NVIDIA & Broadcom CPO, HBM4 & LPDDR6, TSMC Active LSI, Logic-Based SRAM, UCIe-S and More	https://newsletter.semianalysis.com/p/isscc-2026-nvidia-and-broadcom-cpo	raw/articles/2026-02-15_semianalysis_isscc2026-hbm4-cpo-tsmc-alsi-ucies.md
samsung hanwha set sights on hybrid bonding packaging tech critical to advanced ai chips	Samsung, Hanwha set sights on hybrid bonding; packaging tech critical to advanced AI chips	https://www.kedglobal.com/korean-chipmakers/newsView/ked202602200004	raw/articles/2026-02-20_kedglobal_samsung-semes-hanwha-hybrid-bonder-development.md
hanwha semitech unveils 2nd generation hybrid bonder	Hanwha Semitech unveils 2nd-generation hybrid bonder	https://www.koreaherald.com/article/10682137	raw/articles/2026-02-25_koreaherald_hanwha-semitech-shb2-nano-0.1um-hybrid-bonder.md
sk hynix reportedly develops hbm4 system level testing equipment deepens tsmc collaboration	SK hynix Reportedly Develops HBM4 System-Level Testing Equipment, Deepens TSMC Collaboration	https://www.trendforce.com/news/2026/02/25/news-sk-hynix-reportedly-develops-hbm4-system-level-testing-equipment-deepens-tsmc-collaboration/	raw/articles/2026-02-25_trendforce_sk-hynix-hbm4-slt-tsmc-collab.md
memory giants hbm cleanroom race samsung sk hynix fast track micron acquires	Memory Giants' HBM Cleanroom Race: Samsung & SK hynix Fast-Track, Micron Acquires	https://www.trendforce.com/news/2026/02/26/news-memory-giants-hbm-cleanroom-race-samsung-sk-hynix-fast-track-micron-acquires/	raw/articles/2026-02-26_trendforce_hbm-cleanroom-race-samsung-skhynix-micron.md
besi at the center of the packaging power shift	BESI at the Center of the Packaging Power Shift	https://www.3dincites.com/2026/03/besi-at-the-center-of-the-packaging-power-shift/	raw/articles/2026-03-01_3dincites_besi-packaging-power-shift.md
summary of ectc 2025 special session on hybrid bonding	Summary of ECTC 2025 Special Session on Hybrid Bonding	https://eps.ieee.org/wp-content/uploads/2026/03/EM_Hybrid-Bonding_Apr26.pdf	raw/articles/2026-03-01_ieee-eps_ectc2025-hybrid-bonding-special-session.md
cpus are back the datacenter cpu landscape in 2026	CPUs are Back: The Datacenter CPU Landscape in 2026	https://newsletter.semianalysis.com/p/cpus-are-back-the-datacenter-cpu	raw/articles/2026-03-01_semianalysis_cpus-back-datacenter-2026.md
making hybrid bonding better	Making Hybrid Bonding Better	https://semiengineering.com/making-hybrid-bonding-better/	raw/articles/2026-03-02_semieng_making-hybrid-bonding-better.md
intel unveils xeon 6 clearwater forest at mwc with 18a chiplet design and foveros direct 3d	Intel Unveils Xeon 6+ Clearwater Forest at MWC with 18A Chiplet Design and Foveros Direct 3D	https://www.trendforce.com/news/2026/03/03/news-intel-unveils-xeon-6-clearwater-forest-at-mwc-with-18a-chiplet-design-and-foveros-direct-3d/	raw/articles/2026-03-03_trendforce_intel-clearwater-forest-foveros-direct.md
sk hynix reportedly explores new hbm4 packaging boosting performance via tight dram gaps	SK hynix Reportedly Explores New HBM4 Packaging, Boosting Performance via Tight DRAM Gaps	https://www.trendforce.com/news/2026/03/03/news-sk-hynix-reportedly-explores-new-hbm4-packaging-boosting-performance-via-tight-dram-gaps/	raw/articles/2026-03-03_trendforce_sk-hynix-hbm4-packaging-tight-dram-gaps.md
skc reportedly channels over half of 1t capital increase into absolics to fast track glass substrates	SKC Reportedly Channels Over Half of ₩1T Capital Increase Into Absolics to Fast-Track Glass Substrates	https://www.trendforce.com/news/2026/03/03/news-skc-reportedly-channels-over-half-of-%e2%82%a91t-capital-increase-into-absolics-to-fast-track-glass-substrates/	raw/articles/2026-03-03_trendforce_skc-absolics-glass-substrate-1t-investment.md
intel reportedly reconsiders 18a for external use hinting emib could generate billions by 2h26	Intel Reportedly Reconsiders 18A for External Use, Hinting EMIB Could Generate Billions by 2H26	https://www.trendforce.com/news/2026/03/05/news-intel-reportedly-reconsiders-18a-for-external-use-hinting-emib-could-generate-billions-by-2h26/	raw/articles/2026-03-05_trendforce_intel-emib-18a-external-billions.md
chiplet summit 2026 ucie momentum across a growing ecosystem	Chiplet Summit 2026: UCIe Momentum Across a Growing Ecosystem	https://www.uciexpress.org/post/chiplet-summit-2026-ucie-momentum-across-a-growing-ecosystem	raw/articles/2026-03-05_uciexpress_chiplet-summit-2026-ucie-momentum.md
hybrid bonding leader besi reportedly draws takeover interest lam applied materials rumored	Hybrid Bonding Leader BESI Reportedly Draws Takeover Interest; Lam, Applied Materials Rumored	https://www.trendforce.com/news/2026/03/13/news-hybrid-bonding-leader-besi-reportedly-draws-takeover-interest-lam-applied-materials-rumored/	raw/articles/2026-03-13_trendforce_besi-takeover-interest-lam-amat.md
coherent demonstrates multiple technologies for co packaged optics cpo at ofc 2026	Coherent Demonstrates Multiple Technologies for Co-packaged Optics (CPO) at OFC 2026	https://www.coherent.com/news/press-releases/coherent-co-packaged-optics-cpo-technologies-ofc-2026	raw/articles/2026-03-17_coherent_cpo-ofc2026-demo.md
key gtc takeaways how samsung micron intel more power nvidia s vera rubin and feynman	Key GTC Takeaways: How Samsung, Micron, Intel & More Power NVIDIA's Vera Rubin and Feynman	https://www.trendforce.com/news/2026/03/17/news-key-gtc-takeaways-how-samsung-micron-intel-more-power-nvidias-vera-rubin-and-feynman/	raw/articles/2026-03-17_trendforce_gtc2026-key-takeaways-rubin-feynman.md
intel ramps up advanced packaging malaysia complex operational in 2026 emib update	Intel Ramps Up Advanced Packaging: Malaysia Complex Operational in 2026, EMIB Update	https://www.trendforce.com/news/2026/03/18/news-intel-ramps-up-advanced-packaging-malaysia-complex-operational-in-2026-emib-update/	raw/articles/2026-03-18_trendforce_intel-malaysia-emib-update.md
nvidia rubin ultra and feynman reportedly to boost tsmc soic besi applied materials tel to benefit	NVIDIA Rubin Ultra and Feynman Reportedly to Boost TSMC SoIC; Besi, Applied Materials, TEL to Benefit	https://www.trendforce.com/news/2026/03/18/news-nvidia-rubin-ultra-and-feynman-reportedly-to-boost-tsmc-soic-besi-applied-materials-tel-to-benefit/	raw/articles/2026-03-18_trendforce_nvidia-rubin-feynman-boost-soic-besi-amat-tel.md
advanced packaging limits come into focus	Advanced Packaging Limits Come Into Focus	https://semiengineering.com/advanced-packaging-limits-come-into-focus/	raw/articles/2026-03-19_semieng_advanced-packaging-limits.md
2026 ieee electronic components and technology conference to feature a keynote address by dr tien wu	2026 IEEE Electronic Components and Technology Conference To Feature a Keynote Address by Dr. Tien Wu	https://www.semiconductor-digest.com/2026-ieee-electronic-components-and-technology-conference-to-feature-a-keynote-address-by-dr-tien-wu/	raw/articles/2026-03-20_semiconductor-digest_ectc2026-keynote-tien-wu.md
asml reportedly eyes hybrid bonding equipment precision edge may reshape advanced packaging landscape	ASML Reportedly Eyes Hybrid Bonding Equipment, Precision Edge May Reshape Advanced Packaging Landscape	https://www.trendforce.com/news/2026/03/23/news-asml-reportedly-eyes-hybrid-bonding-equipment-precision-edge-may-reshape-advanced-packaging-landscape/	raw/articles/2026-03-23_trendforce_asml-hybrid-bonding-equipment.md
musk s terafab vision raises questions over tsmc impact advanced packaging may be best entry point	Musk's Terafab Vision Raises Questions Over TSMC Impact; Advanced Packaging May be Best Entry Point	https://www.trendforce.com/news/2026/03/23/news-musks-terafab-vision-raises-questions-over-tsmc-impact-advanced-packaging-may-be-best-entry-point/	raw/articles/2026-03-23_trendforce_musk-terafab-tsmc-packaging.md
engineering copper grain structure for high yield hybrid bonding in 3d packaging	Engineering Copper Grain Structure for High-Yield Hybrid Bonding in 3D Packaging	https://www.3dincites.com/2026/03/engineering-copper-grain-structure-for-high-yield-hybrid-bonding-in-3d-packaging-2/	raw/articles/2026-03-27_3dincites_copper-grain-hybrid-bonding.md
chiplets 2026 where are we today	Chiplets 2026: Where Are We Today?	https://semiengineering.com/chiplets-2026-where-are-we-today/	raw/articles/2026-04-01_semiengineering_chiplets-2026-status.md
jedec reportedly plans to relax hbm height specs to 900 m potentially slowing hybrid bonding adoption	JEDEC Reportedly Plans to Relax HBM Height Specs to ~900µm, Potentially Slowing Hybrid Bonding Adoption	https://www.trendforce.com/news/2026/04/01/news-jedec-reportedly-plans-to-relax-hbm-height-specs-to-900%C2%B5m-potentially-slowing-hybrid-bonding-adoption/	raw/articles/2026-04-01_trendforce_jedec-hbm-height-relax-900um.md
nvidia s rubin ultra seen sticking to dual die design on packaging constraints tsmc 3nm demand intact	NVIDIA's Rubin Ultra Seen Sticking to Dual-Die Design on Packaging Constraints; TSMC 3nm Demand Intact	https://www.trendforce.com/news/2026/04/01/news-nvidias-rubin-ultra-seen-sticking-to-dual-die-design-on-packaging-constraints-tsmc-3nm-demand-intact/	raw/articles/2026-04-01_trendforce_nvidia-rubin-ultra-dual-die-packaging-constraints.md
intel reportedly in talks with google and amazon over advanced packaging major customers could take advantage of emib t later this year	Intel reportedly in talks with Google and Amazon over advanced packaging — major customers could take advantage of EMIB-T later this year	https://www.tomshardware.com/tech-industry/semiconductors/intel-reportedly-in-talks-with-google-and-amazon-over-advanced-packaging	raw/articles/2026-04-07_tomshardware_intel-google-amazon-packaging-talks.md
intel joins elon musk s terafab project	Intel Joins Elon Musk's TeraFab Project	https://www.tomshardware.com/tech-industry/semiconductors/intel-joins-elon-musks-terafab-project-intel-is-proud-to-join-the-terafab-project-with-spacex-xai-and-tesla-to-help-refactor-silicon-fab-technology	raw/articles/2026-04-07_tomshardware_intel-joins-terafab-packaging.md
intel advanced packaging reportedly gains traction vs tsmc as google amazon weigh emib adoption	Intel Advanced Packaging Reportedly Gains Traction vs. TSMC as Google, Amazon Weigh EMIB Adoption	https://www.trendforce.com/news/2026/04/07/news-intel-advanced-packaging-reportedly-gains-traction-vs-tsmc-as-google-amazon-weigh-emib-adoption/	raw/articles/2026-04-07_trendforce_intel-emib-google-amazon-packaging.md
intel advanced packaging reportedly gains traction vs tsmc as google amazon weigh emib adoption	Intel Advanced Packaging Reportedly Gains Traction vs. TSMC as Google, Amazon Weigh EMIB Adoption	https://www.trendforce.com/news/2026/04/07/news-intel-advanced-packaging-reportedly-gains-traction-vs-tsmc-as-google-amazon-weigh-emib-adoption/	raw/articles/2026-04-07_trendforce_intel-emib-google-amazon.md
intel foundry achieves breakthrough with world s thinnest gan chiplet technology	Intel Foundry Achieves Breakthrough with World's Thinnest GaN Chiplet Technology	https://www.3dincites.com/2026/04/intel-foundry-achieves-breakthrough-with-worlds-thinnest-gan-chiplet-technology/	raw/articles/2026-04-10_3dincites_intel-gan-chiplet-19um-300mm.md
hanmi semiconductor to launch second generation hybrid bonder by end of 2026	HANMI Semiconductor To Launch Second-Generation Hybrid Bonder by End of 2026	https://www.semiconductor-digest.com/hanmi-semiconductor-to-launch-second-generation-hybrid-bonder-by-end-of-2026/	raw/articles/2026-04-10_semiconductor-digest_hanmi-2nd-gen-hybrid-bonder-2029.md
samsung reportedly bets on vietnam with 4b chip packaging push amkor expands presence	Samsung Reportedly Bets on Vietnam with $4B Chip Packaging Push; Amkor Expands Presence	https://www.trendforce.com/news/2026/04/10/news-samsung-reportedly-bets-on-vietnam-with-4b-chip-packaging-push-amkor-expands-presence/	raw/articles/2026-04-10_trendforce_samsung-vietnam-4b-packaging-amkor.md
tsmc advances panel level packaging copos pilot line reportedly set for june completion 2028 29 ramp eyed	TSMC Advances Panel-Level Packaging, CoPoS Pilot Line Reportedly Set for June Completion, 2028–29 Ramp Eyed	https://www.trendforce.com/news/2026/04/13/news-tsmc-advances-panel-level-packaging-copos-pilot-line-reportedly-set-for-june-completion-2028-29-ramp-eyed/	raw/articles/2026-04-13_trendforce_copos-pilot-line-june-completion.md
sandisk reportedly eyes 2h26 hbf pilot line may advance previously announced timeline by half a year	SanDisk Reportedly Eyes 2H26 HBF Pilot Line; May Advance Previously Announced Timeline by Half a Year	https://www.trendforce.com/news/2026/04/13/news-sandisk-reportedly-eyes-2h26-hbf-pilot-line-may-advance-previously-announced-timeline-by-half-a-year/	raw/articles/2026-04-13_trendforce_sandisk-hbf-pilot-line-2h26.md
hbm4 strategies diverge samsung reportedly chases 80 1c dram yield while sk hynix trims shipments by 30	HBM4 Strategies Diverge: Samsung Reportedly Chases 80% 1c DRAM Yield While SK hynix Trims Shipments by 30%	https://www.trendforce.com/news/2026/04/15/news-hbm4-strategies-diverge-samsung-reportedly-chases-80-1c-dram-yield-while-sk-hynix-trims-shipments-by-30/	raw/articles/2026-04-15_trendforce_hbm4-strategies-diverge-samsung-yield-skhynix-trim.md
korea challenges intel on glass substrate standards as absolics samsung accelerate commercialization	Korea Challenges Intel on Glass Substrate Standards as Absolics, Samsung Accelerate Commercialization	https://www.trendforce.com/news/2026/04/15/news-korea-challenges-intel-on-glass-substrate-standards-as-absolics-samsung-accelerate-commercialization/	raw/articles/2026-04-15_trendforce_korea-intel-glass-substrate-standards-absolics-samsung.md
onto innovation s dragonfly g5 system qualified for applications in 2 5d ai packaging	Onto Innovation's Dragonfly G5 System Qualified for Applications in 2.5D AI Packaging	https://investors.ontoinnovation.com/news/news-details/2026/Onto-Innovations-Dragonfly-G5-System-Qualified-for-Applications-in-2-5D-AI-Packaging/default.aspx	raw/articles/2026-04-16_ontoinnovation_dragonfly-g5-qualified.md
tsmc says cowos offers industry s largest packaging amid intel emib rivalry copos advances	TSMC Says CoWoS Offers Industry's Largest Packaging Amid Intel EMIB Rivalry; CoPoS Advances	https://www.trendforce.com/news/2026/04/16/news-tsmc-says-cowos-offers-industrys-largest-reticle-size-packaging-amid-intel-emib-rivalry-copos-advances/	raw/articles/2026-04-16_trendforce_tsmc-cowos-emib-rivalry-copos-advances.md
tsmc sees 2q sales up 10 qoq to 40 2b margins rise to 65 5 67 5 capex at top end of 52 56b	TSMC Sees 2Q Sales Up 10% QoQ to $40.2B; Margins Rise to 65.5%–67.5%, Capex at Top End of $52–56B	https://www.trendforce.com/news/2026/04/16/news-tsmc-sees-2q-sales-up-10-qoq-to-40-2b-margins-rise-to-65-5-67-5-capex-at-top-end-of-52-56b/	raw/articles/2026-04-16_trendforce_tsmc-q1-earnings-q2-guidance.md
apple m5 cu cu hybrid bonding	Apple M5 Cu-Cu hybrid bonding	https://semiwiki.com/forum/threads/apple-m5-cu-cu-hybrid-bonding.24958/	raw/articles/2026-04-19_semiwiki_apple-m5-cucu-hybrid-bonding-shipped.md
semiconductor packaging and testing capacity race intensifies as ase samsung and amkor announced new moves	Semiconductor Packaging and Testing Capacity Race Intensifies as ASE, Samsung and Amkor Announced New Moves	https://www.trendforce.com/news/2026/04/20/news-semiconductor-packaging-and-testing-capacity-race-intensifies-as-ase-samsung-and-amkor-announced-new-moves/	raw/articles/2026-04-20_trendforce_ase-samsung-amkor-capacity-race.md
intel foundry said to boost equipment orders by 50 yoy 14a may draw major customers by year end	Intel Foundry Said to Boost Equipment Orders by 50%+ YoY; 14A May Draw Major Customers by Year-End	https://www.trendforce.com/news/2026/04/20/news-intel-foundry-said-to-boost-equipment-orders-by-50-yoy-14a-may-draw-major-customers-by-year-end/	raw/articles/2026-04-20_trendforce_intel-foundry-14a-equipment-orders-boost.md
trends in semiconductor manufacturing wafer level and panel level packaging	Trends in Semiconductor Manufacturing: Wafer-Level and Panel-Level Packaging	https://www.3dincites.com/2026/04/trends-in-semiconductor-manufacturing-wafer-level-and-panel-level-packaging/	raw/articles/2026-04-21_3dincites_acm-wlp-plp-process-trends.md
asmpt announces 2026 first quarter results strong demand driven by ai	ASMPT Announces 2026 First Quarter Results — Strong Demand Driven by AI	https://www.asmpt.com/en/investor-relations/news-events/asmpt-announces-2026-first-quarter-results/	raw/articles/2026-04-22_asmpt_q1-2026-results-ai-packaging-demand.md
tsv complexity leads to manufacturing bottleneck	TSV Complexity Leads To Manufacturing Bottleneck	https://semiengineering.com/tsv-complexity-leads-to-manufacturing-bottleneck/	raw/articles/2026-04-22_semieng_tsv-complexity-manufacturing-bottleneck.md
tsmc technology symposium 2026 overview	TSMC Technology Symposium 2026 Overview	https://semiwiki.com/semiconductor-manufacturers/tsmc/368690-tsmc-technology-symposium-2026-overview/	raw/articles/2026-04-22_semiwiki_tsmc-symposium-2026-cowos-coupe.md
sk hynix reportedly breaks ground on first u s advanced packaging plant in indiana eyes 2h28 production	SK hynix Reportedly Breaks Ground on First U.S. Advanced Packaging Plant in Indiana, Eyes 2H28 Production	https://www.trendforce.com/news/2026/04/22/news-sk-hynix-reportedly-breaks-ground-on-first-u-s-advanced-packaging-plant-in-indiana-eyes-2h28-production/	raw/articles/2026-04-22_trendforce_sk-hynix-indiana-us-packaging-plant.md
sk hynix breaks ground on p t7 advanced packaging fab in cheongju wafer level packaging set for 2028 ramp	SK hynix Breaks Ground on P&T7 Advanced Packaging Fab in Cheongju, Wafer-level Packaging Set for 2028 Ramp	https://www.trendforce.com/news/2026/04/22/news-sk-hynix-breaks-ground-on-pt7-advanced-packaging-fab-in-cheongju-wafer-level-packaging-set-for-2028-ramp/	raw/articles/2026-04-22_trendforce_sk-hynix-pt7-cheongju-packaging-fab.md
china osat sj semiconductor reportedly raises rmb 5b in ipo largest a share offering of 2026 so far	China OSAT SJ Semiconductor Reportedly Raises RMB 5B in IPO, Largest A-Share Offering of 2026 So Far	https://www.trendforce.com/news/2026/04/23/news-china-osat-sj-semiconductor-reportedly-raises-rmb-5b-in-ipo-largest-a-share-offering-of-2026-so-far/	raw/articles/2026-04-23_trendforce_china-osat-sj-semiconductor-ipo-rmb5b.md
tsmc latest roadmap a12 a13 for 2029 without high na euv a16 volume production delayed to 2027	TSMC Latest Roadmap: A12, A13 for 2029 Without High-NA EUV; A16 Volume Production Delayed to 2027	https://www.trendforce.com/news/2026/04/23/news-tsmc-unveils-latest-roadmap-a12-a13-set-for-2029-without-high-na-euv-a16-volume-production-delayed-to-2027/	raw/articles/2026-04-23_trendforce_tsmc-roadmap-a12-a13-2029-no-high-na-euv.md
intel ramps up advanced packaging malaysia complex operational in 2026 emib update	Intel Ramps Up Advanced Packaging: Malaysia Complex Operational in 2026, EMIB Update	https://www.trendforce.com/news/2026/03/18/news-intel-ramps-up-advanced-packaging-malaysia-complex-operational-in-2026-emib-update/	raw/articles/2026-04-24_trendforce_intel-malaysia-emib-update-2026.md
tsmc advances panel level packaging copos pilot line reportedly set for june completion 2028 29 ramp eyed	TSMC Advances Panel-Level Packaging, CoPoS Pilot Line Reportedly Set for June Completion, 2028–29 Ramp Eyed	https://www.trendforce.com/news/2026/04/13/news-tsmc-advances-panel-level-packaging-copos-pilot-line-reportedly-set-for-june-completion-2028-29-ramp-eyed/	raw/articles/2026-04-24_trendforce_tsmc-copos-pilot-line-june-2026.md
when semiconductor materials misbehave	When Semiconductor Materials Misbehave	https://semiengineering.com/when-semiconductor-materials-misbehave/	raw/articles/2026-04-27_semieng_semiconductor-materials-misbehave-packaging.md
tsmc tech symposium 2026 by the numbers	TSMC Tech Symposium 2026, By The Numbers	https://semiengineering.com/tsmc-tech-symposium-2026-by-the-numbers/	raw/articles/2026-04-27_semieng_tsmc-tech-symposium-2026-by-numbers.md
tsmc details next gen cowos roadmap over 14 reticle packages and 48x leap in compute power expected by 2029 massive size enables 24 hbm5e stacks and additional memory bandwidth jump	TSMC details next-gen CoWoS roadmap: over 14-reticle packages and 48x leap in compute power expected by 2029 — massive size enables 24 HBM5E stacks and additional memory bandwidth jump	https://www.tomshardware.com/tech-industry/semiconductors/tsmcs-details-next-gen-cowos-roadmap-over-14-reticle-packages-and-48x-leap-in-compute-power-expected-by-2029-massive-size-enables-24-hbm5e-stacks-and-additional-memory-bandwidth-jump	raw/articles/2026-04-27_tomshardware_tsmc-cowos-14reticle-48x-compute-hbm5e-2029.md
tsmc s details next gen cowos roadmap over 14 reticle packages and 48x leap in compute power expected by 2029	TSMC's details next-gen CoWoS roadmap: over 14-reticle packages and 48x leap in compute power expected by 2029	https://www.tomshardware.com/tech-industry/semiconductors/tsmcs-details-next-gen-cowos-roadmap-over-14-reticle-packages-and-48x-leap-in-compute-power-expected-by-2029-massive-size-enables-24-hbm5e-stacks-and-additional-memory-bandwidth-jump	raw/articles/2026-04-27_tomshardware_tsmc-cowos-14reticle-roadmap-2029.md
what tsmc s copos move really means	What TSMC's CoPoS Move Really Means	https://english.cw.com.tw/article/article.action?id=4740	raw/articles/2026-04-28_cw_tsmc-copos-move-really-means.md
asml seen developing wafer to wafer hybrid bonder	ASML Seen Developing Wafer-to-Wafer Hybrid Bonder	https://www.thelec.net/news/articleView.html?idxno=10055	raw/articles/2026-04-28_thelec_asml-w2w-hybrid-bonder-market-w2w-vs-d2w.md
tsmc cowos wafer asp reportedly nears 7nm advanced packaging to become a key profit driver	TSMC CoWoS Wafer ASP Reportedly Nears 7nm; Advanced Packaging to Become a Key Profit Driver	https://www.trendforce.com/news/2026/04/28/news-tsmc-cowos-wafer-asp-reportedly-nears-7nm-levels-advanced-packaging-poised-to-become-a-key-profit-driver/	raw/articles/2026-04-28_trendforce_tsmc-cowos-asp-7nm-profit-driver.md
cea leti will present its latest advances on next generation chip integration at ectc 2026	CEA-Leti Will Present Its Latest Advances On Next-Generation Chip Integration at ECTC 2026	https://semiwiki.com/forum/threads/cea-leti-will-present-its-latest-advances-on-next-generation-chip-integration-at-ectc-2026.25016/	raw/articles/2026-04-29_semiwiki_cea-leti-ectc2026-hybrid-bonding-1um.md
intel foundry gains momentum apple reportedly eyes 18a p as google explores advanced packaging	Intel Foundry Gains Momentum: Apple Reportedly Eyes 18A-P as Google Explores Advanced Packaging	https://www.trendforce.com/news/2026/04/29/news-intel-foundry-gains-momentum-apple-reportedly-eyes-18a-p-as-google-explores-advanced-packaging/	raw/articles/2026-04-29_trendforce_intel-foundry-apple-18ap-google-packaging.md
sk hynix reportedly completes 12 high hybrid bonding hbm validation raises yields for mass production	SK hynix Reportedly Completes 12-High Hybrid Bonding HBM Validation, Raises Yields for Mass Production	https://www.trendforce.com/news/2026/04/29/news-sk-hynix-reportedly-completes-12-high-hybrid-bonding-hbm-validation-works-to-raise-yields-for-mass-production/	raw/articles/2026-04-29_trendforce_sk-hynix-hybrid-bonding-hbm-validation.md
glass fiber cloth the underlying material shortage in ai infrastructure	Glass Fiber Cloth: The Underlying Material Shortage in AI Infrastructure	https://insights.trendforce.com/p/glass-fiber-cloth-shortage	raw/articles/2026-04-30_trendforce-insights_glass-fiber-cloth-shortage.md
ai competition turns into a supply chain arms race tightening advanced packaging and 3nm capacity	AI Competition Turns into a Supply Chain Arms Race, Tightening Advanced Packaging and 3nm Capacity	https://www.trendforce.com/presscenter/news/20260430-13028.html	raw/articles/2026-04-30_trendforce_ai-competition-supply-chain-arms-race.md
researchers reportedly develop ultrafast laser wiring for glass substrates targeting cpo bottleneck	Researchers Reportedly Develop Ultrafast Laser Wiring for Glass Substrates, Targeting CPO Bottleneck	https://www.trendforce.com/news/2026/04/30/news-researchers-reportedly-develop-ultrafast-laser-wiring-for-glass-substrates-targeting-cpo-bottleneck/	raw/articles/2026-04-30_trendforce_ultrafast-laser-glass-substrate-cpo-ulcvd.md
samsung foundry reportedly wins optical module order steps up silicon photonics and cpo drive	Samsung Foundry Reportedly Wins Optical Module Order, Steps Up Silicon Photonics and CPO Drive	https://www.trendforce.com/news/2026/05/01/news-samsung-foundry-reportedly-wins-optical-module-order-steps-up-silicon-photonics-and-cpo-drive/	raw/articles/2026-05-01_trendforce_samsung-foundry-silicon-photonics-cpo.md
applied materials broadens advanced packaging portfolio with acquisition of nexx	Applied Materials Broadens Advanced Packaging Portfolio with Acquisition of NEXX	https://www.globenewswire.com/news-release/2026/05/04/3286382/0/en/applied-materials-broadens-advanced-packaging-portfolio-with-acquisition-of-nexx.html	raw/articles/2026-05-03_globenewswire_applied-materials-acquires-nexx-asmpt.md
intel s emib reportedly gains traction at google meta yields said to reach 90 milestone	Intel's EMIB Reportedly Gains Traction at Google, Meta; Yields Said to Reach ~90% Milestone	https://www.trendforce.com/news/2026/05/04/news-intels-emib-reportedly-gains-traction-at-google-meta-yields-said-to-reach-90-milestone/	raw/articles/2026-05-04_trendforce_intel-emib-google-meta-90pct-yield.md
chip industry technical paper roundup may 5 3d stacked near memory llm in soic esd thermal mgmt liquid cooling	Chip Industry Technical Paper Roundup: May 5 — 3D-Stacked Near-Memory LLM, In-SoIC ESD, Thermal Mgmt, Liquid Cooling	https://semiengineering.com/chip-industry-technical-paper-roundup-may-5/	raw/articles/2026-05-05_semieng_technical-paper-roundup-advanced-packaging-3d-ic.md
glass substrates are breaking through the ai chip packaging bottleneck	Glass Substrates Are Breaking Through the AI Chip Packaging Bottleneck	https://insights.trendforce.com/p/glass-substrate-development	raw/articles/2026-05-05_trendforce-insights_glass-substrate-development.md
apple reportedly eyes samsung intel u s foundry for core chips amid tsmc constraints supply diversification	Apple Reportedly Eyes Samsung, Intel U.S. Foundry for Core Chips Amid TSMC Constraints, Supply Diversification	https://www.trendforce.com/news/2026/05/05/news-apple-reportedly-eyes-samsung-intel-u-s-foundry-for-core-chips-amid-tsmc-constraints-supply-diversification/	raw/articles/2026-05-05_trendforce_apple-samsung-intel-foundry-supply-diversification.md
ase powertech kyec capex may hit nt 370b this year as ai drives record osat investment	ASE, Powertech, KYEC CapEx May Hit NT$370B This Year as AI Drives Record OSAT Investment	https://www.trendforce.com/news/2026/05/05/news-ase-powertech-kyec-capex-may-hit-nt370b-this-year-as-ai-drives-record-osat-investment/	raw/articles/2026-05-05_trendforce_ase-powertech-kyec-capex-nt370b.md
intel reportedly scales emib expansion in u s vietnam with taiwanese tool orders set for 2h26 delivery	Intel Reportedly Scales EMIB Expansion in U.S., Vietnam, with Taiwanese Tool Orders Set for 2H26 Delivery	https://www.trendforce.com/news/2026/05/05/news-intel-reportedly-scales-emib-expansion-in-u-s-vietnam-with-taiwanese-equipment-orders-set-for-2h26-delivery/	raw/articles/2026-05-05_trendforce_intel-emib-expansion-us-vietnam-taiwan-orders.md
intel reportedly scales emib expansion in u s vietnam with taiwanese tool orders set for 2h26 delivery	Intel Reportedly Scales EMIB Expansion in U.S., Vietnam, with Taiwanese Tool Orders Set for 2H26 Delivery	https://www.trendforce.com/news/2026/05/05/news-intel-reportedly-scales-emib-expansion-in-u-s-vietnam-with-taiwanese-equipment-orders-set-for-2h26-delivery/	raw/articles/2026-05-05_trendforce_intel-emib-expansion-us-vietnam.md
tsmc eyes bigger us investment arizona chip expansion accelerates	TSMC eyes bigger US investment; Arizona chip expansion accelerates	https://semiwiki.com/forum/threads/tsmc-eyes-bigger-us-investment-arizona-chip-expansion-accelerates.25066/	raw/articles/2026-05-06_semiwiki_tsmc-arizona-expansion-packaging-selectusa.md
google tpu push reportedly meets cautious early adoption from ai infrastructure providers	Google TPU Push Reportedly Meets Cautious Early Adoption from AI Infrastructure Providers	https://www.trendforce.com/news/2026/05/06/news-google-tpu-push-reportedly-meets-cautious-early-adoption-from-ai-infrastructure-providers/	raw/articles/2026-05-06_trendforce_google-tpu-cautious-adoption-nvidia-dominance.md
tsmc affiliate vis reportedly weighs second 12 inch fab amid tight capacity silicon interposer push	TSMC Affiliate VIS Reportedly Weighs Second 12-Inch Fab Amid Tight Capacity, Silicon Interposer Push	https://www.trendforce.com/news/2026/05/06/news-tsmc-affiliate-vis-reportedly-weighs-second-12-inch-fab-amid-tight-capacity-silicon-interposer-push/	raw/articles/2026-05-06_trendforce_vis-vsmc-silicon-interposer-cowos-singapore.md
malaysia s advanced packaging opportunity is in the middle end and the clock is ticking	Malaysia's advanced packaging opportunity is in the middle end — and the clock is ticking	https://techwireasia.com/2026/05/advanced-packaging-semiconductor-malaysia-middle-end/	raw/articles/2026-05-07_techwireasia_malaysia-advanced-packaging-lam-research.md
globalfoundries reportedly sees silicon photonics revenue doubling in 2026 passing 1b by 2028	GlobalFoundries Reportedly Sees Silicon Photonics Revenue Doubling in 2026, Passing $1B by 2028	https://www.trendforce.com/news/2026/05/07/news-globalfoundries-reportedly-sees-silicon-photonics-revenue-doubling-in-2026-passing-1b-by-2028/	raw/articles/2026-05-07_trendforce_globalfoundries-silicon-photonics-scale-cpo.md
tsmc hints at potential further u s expansion industry sources reportedly see up to us 250b investment	TSMC Hints at Potential Further U.S. Expansion; Industry Sources Reportedly See Up to US$250B Investment	https://www.trendforce.com/news/2026/05/07/news-tsmc-hints-at-potential-further-u-s-expansion-industry-sources-reportedly-see-up-to-us250b-investment/	raw/articles/2026-05-07_trendforce_tsmc-us-expansion-250b-arizona.md
ase and wus announce strategic collaboration to build advanced ai packaging hub in kaohsiung	ASE and WUS Announce Strategic Collaboration to Build Advanced AI Packaging Hub in Kaohsiung	https://www.aseglobal.com/press-room/ase-and-wus-announce-strategic-expansion	raw/articles/2026-05-08_aseglobal_ase-wus-kaohsiung-focoes-hub.md
ajinomoto boosts chip materials business with 1 2b land buy for 2032 plant abf margins top 50 on ai boom	Ajinomoto Boosts Chip Materials Business With ¥1.2B Land Buy for 2032 Plant; ABF Margins Top 50% on AI Boom	https://www.trendforce.com/news/2026/05/08/news-ajinomoto-ramps-chip-packaging-push-with-%c2%a51-2b-land-buy-for-new-plant-in-2032-abf-margins-top-50-on-ai-boom/	raw/articles/2026-05-08_trendforce_ajinomoto-abf-1b-land-buy-2032-margins.md
skc said to speed glass substrate mass production by year end advances new non embedding tech for u s client	SKC Said to Speed Glass Substrate Mass Production by Year-End; Advances New Non-Embedding Tech for U.S. Client	https://www.trendforce.com/news/2026/05/08/news-skc-said-to-speed-glass-substrate-mass-production-by-year-end-advances-new-non-embedding-tech-for-u-s-client/	raw/articles/2026-05-08_trendforce_skc-absolics-glass-substrate-mass-production-2026.md
intel ceo lip bu tan hints at exciting new products with nvidia as foundry collaboration rumors grow	Intel CEO Lip-Bu Tan Hints at Exciting New Products With NVIDIA as Foundry Collaboration Rumors Grow	https://www.trendforce.com/news/2026/05/11/news-intel-ceo-lip-bu-tan-hints-at-exciting-new-products-with-nvidia-as-foundry-collaboration-rumors-grow/	raw/articles/2026-05-11_trendforce_intel-nvidia-foundry-collaboration-emib-apple.md
sk hynix reportedly tests intel emib 2 5d packaging with hbm amid tsmc cowos tightness	SK hynix Reportedly Tests Intel EMIB 2.5D Packaging With HBM Amid TSMC CoWoS Tightness	https://www.trendforce.com/news/2026/05/11/news-sk-hynix-reportedly-tests-intel-emib-2-5d-packaging-with-hbm-amid-tsmc-cowos-tightness/	raw/articles/2026-05-11_trendforce_sk-hynix-intel-emib-25d-packaging-hbm.md
sk hynix reportedly tests intel emib 2 5d packaging with hbm amid tsmc cowos tightness	SK hynix Reportedly Tests Intel EMIB 2.5D Packaging With HBM Amid TSMC CoWoS Tightness	https://www.trendforce.com/news/2026/05/11/news-sk-hynix-reportedly-tests-intel-emib-2-5d-packaging-with-hbm-amid-tsmc-cowos-tightness/	raw/articles/2026-05-11_trendforce_skhynix-tests-intel-emib-hbm.md
asmpt showcases ap innovations for ai and hpc at ectc 2026 advanced bonding solutions for hbm and chiplets	ASMPT showcases AP innovations for AI and HPC at ECTC 2026 - Advanced Bonding Solutions for HBM and Chiplets	https://semi.asmpt.com/en/news-center/press-releases/asmpt-showcases-ap-innovations-for-ai-and-hpc-at-ectc-2026/	raw/articles/2026-05-12_asmpt_ectc2026-firebird-lithobolt-ap.md
tsmc approves us 31 38 billion capital budget for expansion	TSMC approves US$31.38 billion capital budget for expansion	https://focustaiwan.tw/business/202605120026	raw/articles/2026-05-12_focustaiwan_tsmc-31b-capital-budget-arizona-20b.md
ic link by imec joins tsmc 3dfabric alliance to accelerate advanced packaging and 3d ic innovation	IC-Link by imec Joins TSMC 3DFabric® Alliance to Accelerate Advanced Packaging and 3D IC Innovation	https://semiwiki.com/forum/threads/ic-link-by-imec-joins-tsmc-3dfabric%C2%AE-alliance-to-accelerate-advanced-packaging-and-3d-ic-innovation.25095/	raw/articles/2026-05-12_semiwiki_imec-iclink-tsmc-3dfabric-alliance.md
mediatek reportedly adopts dual packaging strategy with intel emib tsmc cowos for ai asic push	MediaTek Reportedly Adopts Dual Packaging Strategy With Intel EMIB, TSMC CoWoS for AI ASIC Push	https://www.trendforce.com/news/2026/05/12/news-mediatek-reportedly-adopts-dual-packaging-strategy-with-intel-emib-tsmc-cowos-for-ai-asic-push/	raw/articles/2026-05-12_trendforce_mediatek-dual-packaging-emib-cowos-ai-asic.md
hanwha semitech to supply fo plp equipment for spacex linked chip production	Hanwha Semitech to supply FO-PLP equipment for SpaceX-linked chip production	https://www.digitimes.com/news/a20260513PD221/equipment-hanwha-production-foplp-packaging.html	raw/articles/2026-05-13_digitimes_hanwha-foplp-spacex-samsung-foundry.md
flash getting stacked high bandwidth version	Flash Getting Stacked High-Bandwidth Version	https://semiengineering.com/flash-getting-stacked-high-bandwidth-version/	raw/articles/2026-05-14_semieng_flash-hbf-high-bandwidth-version.md
sk hynix ceo reportedly to meet bill gates deepening ai memory ties amid microsoft asic push	SK hynix CEO Reportedly to Meet Bill Gates, Deepening AI Memory Ties Amid Microsoft ASIC Push	https://www.trendforce.com/news/2026/05/14/news-sk-hynix-ceo-reportedly-to-meet-bill-gates-deepening-ai-memory-ties-amid-microsoft-asic-push/	raw/articles/2026-05-14_trendforce_sk-hynix-microsoft-asic-hbm-strategy.md
tsmc sees ai wafer demand rising 11x from 2022 2026 targets cowos with 24 hbm stacks in 2029	TSMC Sees AI Wafer Demand Rising 11x From 2022–2026, Targets CoWoS With 24 HBM Stacks in 2029	https://www.trendforce.com/news/2026/05/14/news-tsmc-sees-ai-wafer-demand-rising-11x-from-2022-2026-targets-cowos-with-24-hbm-stacks-in-2029/	raw/articles/2026-05-14_trendforce_tsmc-technology-symposium-cowos-24hbm-sow.md
applied sees 30 equipment growth 50 packaging surge in 2026 china remains top market in 2q	Applied Sees >30% Equipment Growth, >50% Packaging Surge in 2026; China Remains Top Market in 2Q	https://www.trendforce.com/news/2026/05/15/news-applied-materials-sees-over-30-equipment-growth-50-packaging-surge-in-2026-china-remains-top-market-in-2qfy26/	raw/articles/2026-05-15_trendforce_applied-materials-packaging-surge-50pct.md
tsmc plans to sell 8 1 stake in vanguard to focus resources on core businesses	TSMC Plans to Sell 8.1% Stake in Vanguard to Focus Resources on Core Businesses	https://www.trendforce.com/news/2026/05/15/news-tsmc-plans-to-sell-8-1-stake-in-vanguard-to-focus-resources-on-core-businesses/	raw/articles/2026-05-15_trendforce_tsmc-vanguard-stake-sale-core-focus.md
ev group highlights hybrid bonding layer transfer and maskless lithography technologies for heterogeneous integration and advanced packaging at ectc 2026	EV Group Highlights Hybrid Bonding, Layer Transfer and Maskless Lithography Technologies for Heterogeneous Integration and Advanced Packaging at ECTC 2026	https://www.semiconductor-digest.com/ev-group-highlights-hybrid-bonding-layer-transfer-and-maskless-lithography-technologies-for-heterogeneous-integration-and-advanced-packaging-at-ectc-2026/	raw/articles/2026-05-19_semiconductor-digest_ev-group-ectc2026-hybrid-bonding.md
amkor technology expands u s advanced packaging footprint with additional land in arizona	Amkor Technology Expands U.S. Advanced Packaging Footprint with Additional Land in Arizona	https://www.stocktitan.net/news/AMKR/amkor-technology-expands-u-s-advanced-packaging-footprint-with-4rqqgm24jgi0.html	raw/articles/2026-05-19_stocktitan_amkor-arizona-peoria-land-expansion.md
schmid flags tsmc panel level packaging push 310 310mm progress glass integration under review	SCHMID Flags TSMC Panel-Level Packaging Push: 310×310mm Progress, Glass Integration Under Review	https://www.trendforce.com/news/2026/05/19/news-equipment-maker-schmid-flags-tsmc-panel-level-packaging-push-310x310mm-progress-glass-integration-under-review/	raw/articles/2026-05-19_trendforce_schmid-tsmc-plp-310mm-glass-integration.md
2026 ieee electronic components and technology conference ectc to showcase the latest electronic packaging technologies	2026 IEEE Electronic Components and Technology Conference (ECTC) To Showcase the Latest Electronic Packaging Technologies	https://www.semiconductor-digest.com/2026-ieee-electronic-components-and-technology-conference-ectc-to-showcase-the-latest-electronic-packaging-technologies/	raw/articles/2026-05-20_semiconductor-digest_ectc2026-showcase-papers.md
intel says emib customers back substrate prepayments 4 taiwan 2 japan suppliers seek commitments	Intel Says EMIB Customers Back Substrate Prepayments; 4 Taiwan, 2 Japan Suppliers Seek Commitments	https://www.trendforce.com/news/2026/05/20/news-intel-says-emib-customers-back-substrate-prepayments-4-taiwan-and-2-japan-suppliers-reportedly-seek-commitments/	raw/articles/2026-05-20_trendforce_intel-emib-substrate-prepayments-ibiden.md
intel s glass substrate bet inches closer to reality as first prototypes with co packaged optics appear ahead of 2030 rollout	Intel's Glass Substrate Bet Inches Closer to Reality as First Prototypes With Co-Packaged Optics Appear Ahead of 2030 Rollout	https://wccftech.com/intel-glass-substrate-bet-inches-closer-to-reality-as-first-prototypes-co-packaged-optics-pictured/	raw/articles/2026-05-20_wccftech_intel-glass-substrate-cpo-prototypes-ofc2026.md
fujifilm presents latest advanced packaging research results and will introduce pfas free pbo at ectc 2026	Fujifilm presents latest advanced packaging research results and will introduce PFAS-free PBO at ECTC 2026	https://www.fujifilm.com/us/en/news/fujifilm-presents-latest-advanced-packaging-research-results-and-will-introduce-pfas-free-pbo-at-ectc-2026	raw/articles/2026-05-21_fujifilm_ectc2026-sn-damascene-pfas-free-pbo-imec.md
cpo hybrid bonding plp featured at ectc	CPO, Hybrid Bonding, PLP Featured At ECTC	https://marklapedus.substack.com/p/cpo-hybrid-bonding-plp-featured-at	raw/articles/2026-05-21_semiecosystem_ectc2026-cpo-hybridbonding-plp.md
advancing heterogeneous integration through industry roadmap improvements	Advancing Heterogeneous Integration Through Industry Roadmap Improvements	https://semiengineering.com/advancing-heterogeneous-integration-through-industry-roadmap-improvements/	raw/articles/2026-05-21_semieng_hi-roadmap-nature-paper-intel.md
amd s lisa su reportedly to visit tsmc for 2nm capacity unveils us 10b taiwan ai packaging investment	AMD's Lisa Su Reportedly to Visit TSMC for 2nm Capacity; Unveils US$10B Taiwan AI Packaging Investment	https://www.trendforce.com/news/2026/05/21/news-amds-lisa-su-reportedly-to-visit-tsmc-for-2nm-capacity-announces-us10b-taiwan-ai-packaging-investment/	raw/articles/2026-05-21_trendforce_amd-lisa-su-tsmc-10b-taiwan-packaging.md
micron more upbeat on outlook reportedly sets 2027 hbm4e ramp with tsmc for standard custom logic dies	Micron More Upbeat on Outlook, Reportedly Sets 2027 HBM4E Ramp with TSMC for Standard, Custom Logic Dies	https://www.trendforce.com/news/2026/05/22/news-micron-turns-more-upbeat-on-outlook-reportedly-sets-2027-hbm4e-ramp-with-tsmc-for-standard-and-custom-logic-dies/	raw/articles/2026-05-22_trendforce_micron-hbm4e-2027-tsmc-logic-dies.md
psmc joins intel saimemory to demo 9 layer via in one architecture for high bandwidth 3d memory	PSMC Joins Intel, SAIMEMORY to Demo 9-Layer Via-in-One Architecture for High Bandwidth 3D Memory	https://www.trendforce.com/news/2026/05/22/news-psmc-joins-intel-saimemory-to-demo-9-layer-fusion-bonded-via-in-one-architecture-for-high-bandwidth-3d-memory/	raw/articles/2026-05-22_trendforce_psmc-intel-saimemory-via-in-one-hb3dm.md
nvidia at computex 2026 jensen huang flies to tsmc as vera rubin ramp strains taiwan supply chain	Nvidia at Computex 2026: Jensen Huang Flies to TSMC as Vera Rubin Ramp Strains Taiwan Supply Chain	https://www.techtimes.com/articles/317079/20260524/nvidia-computex-2026-jensen-huang-flies-tsmc-vera-rubin-ramp-strains-taiwan-supply-chain.htm	raw/articles/2026-05-24_techtimes_nvidia-computex2026-tsmc-cowos-vera-rubin.md
amd zen 7 reportedly built on tsmc a14 node as powertech s foplp packaging said to be under evaluation	AMD Zen 7 Reportedly Built on TSMC A14 Node as Powertech's FOPLP Packaging Said to Be Under Evaluation	https://www.trendforce.com/news/2026/05/25/news-amd-zen-7-reportedly-built-on-tsmc-a14-node-as-powertechs-foplp-packaging-said-to-be-under-evaluation/	raw/articles/2026-05-25_trendforce_amd-zen7-a14-pti-foplp-computex.md
industry reportedly eyes separating hbm from gpus to expand memory capacity optical links may be key	Industry Reportedly Eyes Separating HBM From GPUs to Expand Memory Capacity; Optical Links May Be Key	https://www.trendforce.com/news/2026/05/25/news-industry-reportedly-eyes-separating-hbm-from-gpus-to-expand-memory-capacity-optical-links-may-be-key/	raw/articles/2026-05-25_trendforce_hbm-gpu-separation-optical-links.md
ectc 2026 spotlights advanced packaging innovations	ECTC 2026 Spotlights Advanced Packaging Innovations	https://advancedpackaging.news/2026/05/26/ectc-2026-spotlights-advanced-packaging-innovations/	raw/articles/2026-05-26_advancedpackaging_ectc2026-spotlights-advanced-packaging.md
ase launches automated 310mm panel level packaging to accelerate ai innovation	ASE Launches Automated 310mm Panel-Level Packaging to Accelerate AI Innovation	https://www.semiconductor-digest.com/ase-launches-automated-310mm-panel-level-packaging-to-accelerate-ai-innovation/	raw/articles/2026-05-26_semiconductor-digest_ase-310mm-plp-automated-ectc2026.md
intel reportedly eyes world s first glass substrate output at rio rancho offers silicon photonics to customers	Intel Reportedly Eyes World's First Glass Substrate Output at Rio Rancho; Offers Silicon Photonics to Customers	https://www.trendforce.com/news/2026/05/26/news-intel-reportedly-eyes-worlds-first-glass-substrate-output-at-rio-rancho-offers-silicon-photonics-to-customers/	raw/articles/2026-05-26_trendforce_intel-rio-rancho-glass-substrate-silicon-photonics.md
sk hynix introduces ihbm solution targets hbm5 adoption with 30 thermal resistance reduction	SK hynix Introduces iHBM Solution, Targets HBM5 Adoption with 30% Thermal Resistance Reduction	https://www.trendforce.com/news/2026/05/26/news-sk-hynix-introduces-ihbm-solution-targets-hbm5-adoption-with-30-thermal-resistance-reduction/	raw/articles/2026-05-26_trendforce_sk-hynix-ihbm-hbm5-thermal-30pct.md
nvidia gtc taipei at computex live updates on what s next in ai	NVIDIA GTC Taipei at COMPUTEX: Live Updates on What's Next in AI	https://blogs.nvidia.com/blog/nvidia-gtc-taipei-computex-2026-news/	raw/articles/2026-05-27_nvidia_gtc-taipei-computex2026-vera-rubin-nvl72-constellation.md
tsmc reportedly eyes up to 15 3nm price hike in 2h26 further 5 10 seen in 2027 amid ai asic demand	TSMC Reportedly Eyes Up to 15% 3nm Price Hike in 2H26, Further 5%–10% Seen in 2027 Amid AI, ASIC Demand	https://www.trendforce.com/news/2026/05/27/news-tsmc-reportedly-eyes-up-to-15-3nm-price-hike-in-2h26-further-5-10-seen-in-2027-amid-ai-asic-demand/	raw/articles/2026-05-27_trendforce_tsmc-3nm-price-hike-2h26-ai-asic.md
energy use forcing rethink of ai chip design tsmc says	Energy use forcing rethink of AI chip design, TSMC says	https://www.investing.com/news/stock-market-news/energy-use-forcing-rethink-of-ai-chip-design-tsmc-says-4715097	raw/articles/2026-05-28_reuters_tsmc-kevin-zhang-energy-efficiency-advanced-packaging.md
imec and ev group demonstrate wafer to wafer hybrid bonding with 200nm interconnect pitch and record high overlay accuracy	Imec and EV Group Demonstrate Wafer-to-Wafer Hybrid Bonding with 200nm Interconnect Pitch and Record High Overlay Accuracy	https://www.semiconductor-digest.com/imec-and-ev-group-demonstrate-wafer-to-wafer-hybrid-bonding-with-200nm-interconnect-pitch-and-record-high-overlay-accuracy/	raw/articles/2026-05-28_semiconductor-digest_imec-evg-200nm-w2w-hybrid-bonding-ectc2026.md
intel reportedly to adopt silicon capacitors in 2027 to improve emib power stability for google s v8e	Intel Reportedly to Adopt Silicon Capacitors in 2027 to Improve EMIB Power Stability for Google's v8e	https://www.trendforce.com/news/2026/05/28/news-intel-reportedly-to-adopt-silicon-capacitors-in-2027-to-improve-emib-power-stability-for-googles-v8e/	raw/articles/2026-05-28_trendforce_intel-emib-silicon-capacitors-google-v8e.md
accelerating 2nm advanced packaging through global collaboration	Accelerating 2nm & Advanced Packaging through global collaboration	https://www.3dincites.com/2026/05/accelerating-2nm-advanced-packaging-through-global-collaboration/	raw/articles/2026-05-29_3dincites_rapidus-2nm-advanced-packaging-ai-foundry.md
mediatek ceo reaffirms tsmc as key long term partner amid samsung s reported push for foundry orders	MediaTek CEO Reaffirms TSMC as Key Long-Term Partner amid Samsung's Reported Push for Foundry Orders	https://www.trendforce.com/news/2026/05/29/news-mediatek-ceo-reaffirms-tsmc-as-key-long-term-partner-amid-samsungs-reported-push-for-foundry-orders/	raw/articles/2026-05-29_trendforce_mediatek-ceo-tsmc-long-term-partner-emib-intel.md
samsung starts shipping industry first hbm4e samples 3 months after hbm4 ramp performance up 20	Samsung Starts Shipping Industry-First HBM4E Samples 3 Months After HBM4 Ramp; Performance Up 20%+	https://www.trendforce.com/news/2026/05/29/news-samsung-starts-shipping-industry-first-hbm4e-samples-three-months-after-hbm4-mass-production-performance-up-over-20/	raw/articles/2026-05-29_trendforce_samsung-hbm4e-samples-shipping-industry-first.md
samsung hbm4e ships first record 756 profit surge triggers analyst upgrades on ai memory lead	Samsung HBM4E Ships First: Record 756% Profit Surge Triggers Analyst Upgrades on AI Memory Lead	https://www.techtimes.com/articles/317467/20260531/samsung-hbm4e-ships-first-record-756-profit-surge-triggers-analyst-upgrades-ai-memory-lead.htm	raw/articles/2026-05-31_techtimes_samsung-hbm4e-ships-first-756pct-profit.md
hybrid bonding makes strides toward manufacturability	Hybrid Bonding Makes Strides Toward Manufacturability	https://semiengineering.com/hybrid-bonding-makes-strides-toward-manufacturability/	raw/articles/2026-05-xx_semiengineering_hybrid-bonding-manufacturability-deepdive.md
surface preparation for cu cu hybrid bonding the conditioning chain that decides yield	Surface Preparation for Cu-Cu Hybrid Bonding: The Conditioning Chain That Decides Yield	https://ninescrolls.com/insights/surface-preparation-cu-cu-hybrid-bonding/	raw/articles/2026-06-01_ninescrolls_surface-preparation-cu-cu-conditioning-chain.md
computex 2026 preview from intel budget ai cpus to cpo momentum fueled by nvidia vera rubin	COMPUTEX 2026 Preview: From Intel Budget AI CPUs to CPO Momentum Fueled by NVIDIA Vera Rubin	https://www.trendforce.com/news/2026/06/01/news-computex-2026-preview-from-intel-budget-ai-cpus-to-cpo-momentum-fueled-by-nvidia-vera-rubin/	raw/articles/2026-06-01_trendforce_computex2026-preview-cpo-nvidia-vera-rubin.md
intel advances glass substrate push with 3dgs us 3 3 billion india plant set for five to six year buildout	Intel Advances Glass Substrate Push with 3DGS, US$3.3 Billion India Plant Set for Five-to-Six-Year Buildout	https://www.trendforce.com/news/2026/06/01/news-intel-advances-glass-substrate-push-with-3dgs-us3-3-billion-india-plant-set-for-five-to-six-year-buildout/	raw/articles/2026-06-01_trendforce_intel-3dgs-india-glass-substrate-3b.md
vera rubin buildout nvidia reportedly pushes tsmc above 20 revenue share power cooling suppliers benefit	Vera Rubin Buildout: NVIDIA Reportedly Pushes TSMC Above 20% Revenue Share, Power, Cooling Suppliers Benefit	https://www.trendforce.com/news/2026/06/01/news-vera-rubin-buildout-nvidia-reportedly-pushes-tsmc-above-20-revenue-share-power-and-cooling-suppliers-benefit/	raw/articles/2026-06-01_trendforce_nvidia-vera-rubin-tsmc-above-20pct-revenue.md
samsung unveils hbm5 model for the first time at computex production reportedly seen around 2028	Samsung Unveils HBM5 Model for the First Time at Computex, Production Reportedly Seen Around 2028	https://www.trendforce.com/news/2026/06/02/news-samsung-unveils-hbm5-model-for-the-first-time-at-computex-production-reportedly-seen-around-2028/	raw/articles/2026-06-02_trendforce_samsung-hbm5-model-computex2026-2028.md
sk chair sees memory shortage through 2030 eyes capacity doubling and stronger tsmc taiwan ties	SK Chair Sees Memory Shortage Through 2030, Eyes Capacity Doubling and Stronger TSMC, Taiwan Ties	https://www.trendforce.com/news/2026/06/02/news-sk-chair-sees-memory-shortage-through-2030-eyes-capacity-doubling-and-stronger-tsmc-taiwan-ties/	raw/articles/2026-06-02_trendforce_sk-chair-memory-shortage-2030-computex.md
how intel foundry packaging technologies redefine ai and hpc scalability limits	How Intel Foundry Packaging Technologies Redefine AI and HPC Scalability Limits	https://www.3dincites.com/2026/06/how-intel-foundry-packaging-technologies-redefine-ai-and-hpc-scalability-limits/	raw/articles/2026-06-03_3dincites_intel-foundry-emib-cpo-glass-ectc2026.md
naura pushes into ai chip packaging with first 600mm plp descum tool	Naura pushes into AI chip packaging with first 600mm PLP descum tool	https://www.digitimes.com/news/a20260601VL210/naura-technology-plp-ai-chip-advanced-packaging-equipment.html	raw/articles/2026-06-03_digitimes_naura-600mm-plp-descum-tool.md
gf has the photonic chip now it has a light source	GF has the photonic chip. Now it has a light source	https://electronics360.globalspec.com/article/23852/gf-has-the-photonic-chip-now-it-has-a-light-source	raw/articles/2026-06-03_electronics360_gf-sivers-silicon-photonics-cpo-scale.md
computex 2026 nvidia and tsmc are bringing ai into the fab itself	Computex 2026: Nvidia and TSMC are bringing AI into the fab itself	https://electronics360.globalspec.com/article/23853/computex-2026-nvidia-and-tsmc-are-bringing-ai-into-the-fab-itself	raw/articles/2026-06-03_electronics360_nvidia-tsmc-ai-fab-computex2026.md
sk group chair chey tae won meets tsmc chairman c c wei after two years hbm and advanced packaging in focus	SK Group Chair Chey Tae-won Meets TSMC Chairman C.C. Wei After Two Years, HBM and Advanced Packaging in Focus	https://www.trendforce.com/news/2026/06/04/news-sk-group-chair-chey-tae-won-meets-tsmc-chairman-c-c-wei-after-two-years-hbm-and-advanced-packaging-in-focus/	raw/articles/2026-06-04_trendforce_sk-tsmc-chairman-meeting-hbm4-basedie.md
nvidia certifies big three for hbm4 securing memory supply for vera rubin launch report	Nvidia certifies 'big three' for HBM4, securing memory supply for Vera Rubin launch: report	https://www.sdxcentral.com/news/nvidia-certifies-big-three-for-hbm4-securing-memory-supply-for-vera-rubin-launch-report/	raw/articles/2026-06-05_sdxcentral_nvidia-certifies-hbm4-triple-supplier-samsung-skhynix-micron.md
chip industry week in review 141	Chip Industry Week In Review #141	https://semiengineering.com/chip-industry-week-in-review-141/	raw/articles/2026-06-05_semieng_chip-week-review-141-intel18a-nikon-packaging.md
packaging technologies redefine ai and hpc scalability limits at ectc 2026	Packaging Technologies Redefine AI And HPC Scalability Limits At ECTC 2026	https://semiengineering.com/packaging-technologies-redefine-ai-and-hpc-scalability-limits-at-ectc-2026/	raw/articles/2026-06-05_semieng_intel-ectc-2026-emib-t-cpo-glass-substrates.md
packaging technologies redefine ai and hpc scalability limits at ectc 2026	Packaging Technologies Redefine AI And HPC Scalability Limits At ECTC 2026	https://semiengineering.com/packaging-technologies-redefine-ai-and-hpc-scalability-limits-at-ectc-2026/	raw/articles/2026-06-05_semieng_intel-ectc2026-emib-cpo-glass-sponsor-blog.md
packaging technologies redefine ai and hpc scalability limits at ectc 2026	Packaging Technologies Redefine AI And HPC Scalability Limits At ECTC 2026	https://semiengineering.com/packaging-technologies-redefine-ai-and-hpc-scalability-limits-at-ectc-2026/	raw/articles/2026-06-05_semieng_intel-emib-cpo-glass-ectc2026.md
nvidia vera rubin hbm4 jensen huang confirms all three suppliers in production for q3 ship	Nvidia Vera Rubin HBM4: Jensen Huang Confirms All Three Suppliers in Production for Q3 Ship	https://www.techtimes.com/articles/317855/20260605/nvidia-vera-rubin-hbm4-jensen-huang-confirms-all-three-suppliers-production-q3-ship.htm	raw/articles/2026-06-05_techtimes_nvidia-vera-rubin-hbm4-suppliers-jensen-huang.md
glass substrates eye 2027 launch scale toward 2030 as cowos costs rise and hyperscaler demand grows	Glass Substrates Eye 2027 Launch, Scale Toward 2030 as CoWoS Costs Rise and Hyperscaler Demand Grows	https://www.trendforce.com/news/2026/06/05/news-glass-substrates-eye-2027-launch-scale-toward-2030-as-cowos-costs-rise-and-hyperscaler-demand-grows/	raw/articles/2026-06-05_trendforce_glass-substrate-2027-launch-roadmap.md
hbf spurs equipment race hanmi semiconductor eyes first tc bonder deliveries in 2h26	HBF Spurs Equipment Race; Hanmi Semiconductor Eyes First TC Bonder Deliveries in 2H26	https://www.trendforce.com/news/2026/06/05/news-hbf-opens-new-equipment-race-hanmi-semiconductor-reportedly-eyes-first-tc-bonder-deliveries-in-2h26/	raw/articles/2026-06-05_trendforce_hbf-equipment-race-hanmi-tcbonder.md
samsung sk hynix plan new heat dissipation technologies starting hbm5 three memory makers approaches in focus	Samsung, SK hynix Plan New Heat Dissipation Technologies Starting HBM5: Three Memory Makers' Approaches in Focus	https://www.trendforce.com/news/2026/06/05/news-samsung-sk-hynix-plan-new-heat-dissipation-technologies-starting-hbm5-three-memory-makers-approaches-in-focus/	raw/articles/2026-06-05_trendforce_hbm5-thermal-samsung-skhynix-micron.md
jcet opens 3d packaging plant to target ai power modules cpo demand	JCET opens 3D packaging plant to target AI power modules, CPO demand	https://www.digitimes.com/news/a20260605VL204/jcet-3d-packaging-cpo-demand.html	raw/articles/2026-06-07_digitimes_jcet-3d-packaging-cpo-plant.md
sk hynix to supply memory for nvidia vera cpu as partnership deepens samsung meeting in spotlight	SK hynix to Supply Memory for NVIDIA Vera CPU as Partnership Deepens; Samsung Meeting in Spotlight	https://www.trendforce.com/news/2026/06/08/news-sk-hynix-to-supply-memory-for-nvidia-vera-cpu-as-partnership-deepens-samsung-meeting-on-june-8-in-spotlight/	raw/articles/2026-06-08_trendforce_skhynix-nvidia-vera-cpu-partnership.md
sk hynix holds 62 of hbm micron overtakes samsung 2026 battle pivots to hbm4	SK hynix holds 62% of HBM, Micron overtakes Samsung, 2026 battle pivots to HBM4	https://www.astutegroup.com/news/general/sk-hynix-holds-62-of-hbm-micron-overtakes-samsung-2026-battle-pivots-to-hbm4/	raw/articles/2026-06-09_astutegroup_hbm-market-share-2026-battle.md
ase accelerates panel level packaging push with fully automated 310mm line by 2026	ASE accelerates panel-level packaging push with fully automated 310mm line by 2026	https://www.digitimes.com/news/a20260225PD204/packaging-ase-2026-demand-panel.html	raw/articles/2026-06-09_digitimes_ase-panel-level-packaging-310mm.md
analysis taiwan s two major panel makers enter semiconductor packaging cpo and foplp become key	Analysis: Taiwan's two major panel makers enter semiconductor packaging; CPO and FOPLP become key	https://www.digitimes.com/news/a20260427PD212/cpo-foplp-packaging-auo-innolux-panel-taiwan.html	raw/articles/2026-06-09_digitimes_auo-innolux-cpo-foplp-panel.md
tsmc expands cowos and soic capacity on ai boom	TSMC expands CoWoS and SoIC capacity on AI boom	https://www.digitimes.com/news/a20260514PD237/tsmc-cowos-soic-capacity-packaging.html	raw/articles/2026-06-09_digitimes_tsmc-cowos-soic-capacity-symposium.md
tsmc to quadruple advanced packaging capacity reaching 130 000 cowos wafers monthly by late 2026	TSMC to Quadruple Advanced Packaging Capacity: Reaching 130,000 CoWoS Wafers Monthly by Late 2026	https://markets.financialcontent.com/stocks/article/tokenring-2026-2-5-tsmc-to-quadruple-advanced-packaging-capacity-reaching-130000-cowos-wafers-monthly-by-late-2026	raw/articles/2026-06-09_financialcontent_tsmc-130k-cowos-wafers.md
intel foundry gains momentum as google reportedly orders 3m tpus nvidia evaluates 18a for multi die gpus	Intel Foundry Gains Momentum as Google Reportedly Orders 3M TPUs, NVIDIA Evaluates 18A for Multi-Die GPUs	https://www.trendforce.com/news/2026/06/09/news-intel-foundry-gains-momentum-as-google-reportedly-orders-3m-tpus-nvidia-evaluates-18a-for-multi-die-gpu-design/	raw/articles/2026-06-09_trendforce_intel-foundry-google-tpu-nvidia-18a.md
samsung nvidia deepen ties as talks reportedly expand to hbm5 next year and next gen groq chips	Samsung, NVIDIA Deepen Ties as Talks Reportedly Expand to HBM5 Next Year and Next-Gen Groq Chips	https://www.trendforce.com/news/2026/06/09/news-samsung-nvidia-deepen-ties-as-talks-reportedly-expand-to-hbm5-next-year-and-next-gen-groq-chips/	raw/articles/2026-06-09_trendforce_samsung-nvidia-hbm5-groq-deepened-ties.md
sk hynix reportedly places 44 2bn won tc bonder order with hanmi accelerating hbm4 ramp up	SK hynix Reportedly Places 44.2bn Won TC Bonder Order with Hanmi, Accelerating HBM4 Ramp-up	https://www.trendforce.com/news/2026/06/09/news-sk-hynix-reportedly-places-44-2bn-won-tc-bonder-order-with-hanmi-accelerating-hbm4-ramp-up/	raw/articles/2026-06-09_trendforce_skhynix-hanmi-tcbonder-hbm4-ramp.md
google reportedly books intel for packaging more than 3 million tpus in 2028 sk hynix is testing intel s emib packaging for hbm integration	Google reportedly books Intel for packaging more than 3 million TPUs in 2028 — SK hynix is testing Intel's EMIB packaging for HBM integration	https://www.tomshardware.com/tech-industry/google-reportedly-books-intel-for-more-than-3-million-tpus-in-2028	raw/articles/2026-06-10_tomshardware_google-intel-emib-3m-tpu-skhynix-hbm-qualification.md
analyzing tsmc s fab expansion roadmap multi fab n2 ramp cowos soic and uncorking bottlenecks	Analyzing TSMC's fab expansion roadmap — multi-fab N2 ramp, CoWoS, SoIC, and uncorking bottlenecks	https://www.tomshardware.com/tech-industry/semiconductors/analyzing-tsmcs-fab-expansion-roadmap-multi-fab-n2-ramp-cowos-soic-and-uncorking-bottlenecks	raw/articles/2026-06-10_tomshardware_tsmc-fab-expansion-roadmap-n2-cowos-soic-bottlenecks.md
analyzing tsmc s fab expansion roadmap multi fab n2 ramp cowos soic and uncorking bottlenecks	Analyzing TSMC's fab expansion roadmap — multi-fab N2 ramp, CoWoS, SoIC, and uncorking bottlenecks	https://www.tomshardware.com/tech-industry/semiconductors/analyzing-tsmcs-fab-expansion-roadmap-multi-fab-n2-ramp-cowos-soic-and-uncorking-bottlenecks	raw/articles/2026-06-10_tomshardware_tsmc-fab-expansion-roadmap.md
china reportedly narrows glass substrate gap with south korea as boe and visionox advance	China Reportedly Narrows Glass Substrate Gap with South Korea as BOE and Visionox Advance	https://www.trendforce.com/news/2026/06/10/news-china-reportedly-narrows-glass-substrate-gap-with-south-korea-as-boe-and-visionox-advance/	raw/articles/2026-06-10_trendforce_china-glass-substrate-boe-visionox.md
samsung may announce new gwangju advanced packaging base by end june amid capacity expansion	Samsung May Announce New Gwangju Advanced Packaging Base by End-June Amid Capacity Expansion	https://www.trendforce.com/news/2026/06/10/news-samsung-may-announce-new-gwangju-advanced-packaging-base-by-end-june-as-capacity-expansion-continues/	raw/articles/2026-06-10_trendforce_samsung-gwangju-packaging-base.md
imec unlocks system level iii v chiplet integration on si cmos by advancing its 300mm rf silicon interposer platform with high density mimcaps passive modeling and laser assisted bonding	Imec unlocks system-level III-V chiplet integration on Si-CMOS by advancing its 300mm RF silicon interposer platform with high-density MIMCAPs, passive modeling, and laser-assisted bonding	https://www.imec-int.com/en/press/imec-unlocks-system-level-iii-v-chiplet-integration-si-cmos-advancing-its-300mm-rf-silicon	raw/articles/2026-06-11_imec_iii-v-chiplet-rf-silicon-interposer.md
applied materials opens 500m singapore site aims to double global capacity on ai demand	Applied Materials Opens $500M Singapore Site, Aims to Double Global Capacity on AI Demand	https://www.trendforce.com/news/2026/06/11/news-applied-materials-opens-500m-singapore-site-aims-to-double-global-capacity-on-ai-demand/	raw/articles/2026-06-11_trendforce_applied-materials-singapore-500m.md
ase s spil acquires nt 2 8b plant amid spillover demand from tsmc advanced packaging capacity crunch	ASE's SPIL Acquires NT$2.8B Plant Amid Spillover Demand from TSMC Advanced Packaging Capacity Crunch	https://www.trendforce.com/news/2026/06/11/news-ases-spil-acquires-nt2-8b-plant-amid-spillover-demand-from-tsmc-advanced-packaging-capacity-crunch/	raw/articles/2026-06-11_trendforce_ase-spil-zhunan-plant-acquisition.md
sk hynix advances dram and nand roadmap targets 3x wafer output by 2034 375 layer nand at year end	SK hynix Advances DRAM and NAND Roadmap, Targets 3x Wafer Output by 2034, 375-Layer NAND at Year-End	https://www.trendforce.com/news/2026/06/11/news-sk-hynix-advances-dram-and-nand-roadmap-targets-3x-wafer-output-by-2034-375-layer-nand-at-year-end/	raw/articles/2026-06-11_trendforce_skhynix-3x-wafer-2034-375layer-nand.md
glass substrate packaging hype cools boe s pilot line operational but not yet in mass production yield rate bottleneck key to industry breakthrough	Glass Substrate Packaging Hype Cools: BOE's Pilot Line Operational but Not Yet in Mass Production, Yield Rate Bottleneck Key to Industry Breakthrough	https://finance.biggo.com/news/gA5Dv54BJ9W2lKGkjG4q	raw/articles/2026-06-12_biggo_boe-glass-substrate-pilot-hype-cools.md
samsung packaging tsmc intel hbm	Samsung Packaging TSMC Intel HBM	https://www.digitimes.com/news/a20260611VL219/samsung-packaging-tsmc-intel-hbm.html	raw/articles/2026-06-12_digitimes_samsung-packaging-gap-tsmc-intel.md
packaging equipment foplp revenue business	Packaging Equipment FOPLP Revenue Business	https://www.digitimes.com/news/a20260612PD207/packaging-equipment-foplp-revenue-business.html	raw/articles/2026-06-13_digitimes_linkotech-foplp-rollout-traction.md
tsmc s latest chip packaging breakthrough promises lower costs and better performance	TSMC's latest chip packaging breakthrough promises lower costs and better performance	https://www.digitaltrends.com/computing/tsmcs-latest-chip-packaging-breakthrough-promises-lower-costs-and-better-performance/	raw/articles/2026-06-14_digitaltrends_tsmc-copos-glass-carrier-mingchikuo.md
manz equipment foplp packaging tsmc	Manz Equipment FOPLP Packaging TSMC	https://www.digitimes.com/news/a20260615PD231/manz-equipment-foplp-packaging-tsmc.html	raw/articles/2026-06-15_digitimes_manz-310mm-foplp-ecd-equipment.md
manz asia successfully delivers world s first 310mm x 310mm panel level packaging ecd production system	Manz Asia Successfully Delivers World's First 310mm x 310mm Panel-Level Packaging ECD Production System	https://www.prnewswire.com/news-releases/manz-asia-successfully-delivers-worlds-first-310mm-O-310mm-panel-level-packaging-ecd-production-system-302800088.html	raw/articles/2026-06-15_prnewswire_manz-asia-310mm-plp-ecd-system.md
sk hynix reportedly pulls forward hbm4e sample timeline eyeing june july shipments to key customers	SK hynix Reportedly Pulls Forward HBM4E Sample Timeline, Eyeing June/July Shipments to Key Customers	https://www.trendforce.com/news/2026/06/15/news-sk-hynix-reportedly-pulls-forward-hbm4e-sample-timeline-eyeing-june-july-shipments-to-key-customers/	raw/articles/2026-06-15_trendforce_skhynix-hbm4e-sample-timeline-pulled-forward.md
tsmc cowos supply demand gap reportedly seen narrowing from 20 to 10 by end 2026 as capacity expands	TSMC CoWoS Supply-Demand Gap Reportedly Seen Narrowing from 20% to 10% by End-2026 as Capacity Expands	https://www.trendforce.com/news/2026/06/15/news-tsmc-cowos-supply-demand-gap-reportedly-seen-narrowing-from-20-to-10-by-end-2026-as-capacity-expands/	raw/articles/2026-06-15_trendforce_tsmc-cowos-gap-narrowing-130k-200k-wafers.md
nokia expands us advanced test and packaging capacity in pennsylvania	Nokia Expands US Advanced Test and Packaging Capacity in Pennsylvania	https://www.nokia.com/about-us/news/releases/2026/06/16/nokia-expands-us-advanced-test-and-packaging-capacity-in-pennsylvania/	raw/articles/2026-06-16_nokia_pennsylvania-atp-expansion.md
tsmc reportedly runs dual track evaluation on copos pilot line sparking global vs local vendor competition	TSMC Reportedly Runs Dual-Track Evaluation on CoPoS Pilot Line, Sparking Global vs Local Vendor Competition	https://www.trendforce.com/news/2026/06/16/news-tsmc-reportedly-runs-dual-track-evaluation-on-copos-pilot-line-sparking-global-vs-local-vendor-competition/	raw/articles/2026-06-16_trendforce_tsmc-copos-dual-track-eval-vendor-competition.md
amkor alone cheers 10 year tsmc packaging deal in arizona	Amkor Alone Cheers 10-Year TSMC Packaging Deal in Arizona	https://www.digitimes.com/news/a20260617VL202.html	raw/articles/2026-06-17_digitimes_amkor-tsmc-10year-arizona-deal.md
tsmc amkor sign 10 year arizona advanced packaging pact to complete the u s chip supply chain	TSMC, Amkor Sign 10-Year Arizona Advanced Packaging Pact to Complete the U.S. Chip Supply Chain	https://www.trendforce.com/news/2026/06/17/news-tsmc-amkor-forge-10-year-arizona-advanced-packaging-partnership-to-complete-the-u-s-chip-supply-chain/	raw/articles/2026-06-17_trendforce_tsmc-amkor-10year-arizona-advanced-packaging.md
tsmc accelerates copos development taiwan panel makers and local materials and equipment suppliers leverage foplp for glass core substrate opportunity	TSMC Accelerates CoPoS Development; Taiwan Panel Makers and Local Materials and Equipment Suppliers Leverage FOPLP for Glass Core Substrate Opportunity	https://www.trendforce.com/presscenter/news/20260617-13107.html	raw/articles/2026-06-17_trendforce_tsmc-copos-glass-core-substrate-foplp.md
tsmc accelerates copos development taiwan suppliers leverage foplp for glass core substrates	TSMC Accelerates CoPoS Development; Taiwan Suppliers Leverage FOPLP for Glass Core Substrates	https://iconnect007.com/article/150441/tsmc-accelerates-copos-development-taiwan-suppliers-leverage-foplp-for-glass-core-substrates/150438/ein	raw/articles/2026-06-19_iconnect007_tsmc-copos-foplp-glass-core.md
sk hynix ships 12 layer hbm4e samples ahead of schedule tightening the race with samsung	SK hynix Ships 12-Layer HBM4E Samples Ahead of Schedule, Tightening the Race With Samsung	https://www.techtimes.com/articles/318633/20260619/sk-hynix-ships-12-layer-hbm4e-samples-ahead-schedule-tightening-race-samsung.htm	raw/articles/2026-06-19_techtimes_skhynix-hbm4e-12layer-samples-ahead-schedule.md
nvidia vera rubin enters full production samsung sk hynix micron named hbm4 suppliers	Nvidia Vera Rubin Enters Full Production: Samsung, SK Hynix, Micron Named HBM4 Suppliers	https://www.techtimes.com/articles/317539/20260602/nvidia-vera-rubin-enters-full-production-samsung-sk-hynix-micron-named-hbm4-suppliers.htm	raw/articles/2026-06-19_techtimes_vera-rubin-hbm4-suppliers.md
jntc develops world s first 2 0mm thick tgv glass substrate	JNTC Develops World's First 2.0mm-Thick TGV Glass Substrate	https://www.thelec.net/news/articleView.html?idxno=11497	raw/articles/2026-06-19_thelec_jntc-2mm-tgv-glass-substrate.md
intel s emib t packaging technology set for fab rollout this year as tsmc cowos capacity remains limited emib t is preparing for advanced ai accelerator designs	Intel's EMIB-T packaging technology set for fab rollout this year — as TSMC CoWoS capacity remains limited, EMIB-T is preparing for advanced AI accelerator designs	https://www.tomshardware.com/tech-industry/semiconductors/intels-emib-t-heads-for-fab-rollout-this-year	raw/articles/2026-06-19_tomshardware_intel-emib-t-fab-rollout.md
intel taps sk hynix ex ceo as foundry evp to lead advanced packaging push as emib hbi scale up	Intel Taps SK hynix Ex-CEO as Foundry EVP to Lead Advanced Packaging Push as EMIB, HBI Scale Up	https://www.trendforce.com/news/2026/06/19/news-intel-taps-sk-hynix-ex-ceo-as-foundry-evp-to-lead-advanced-packaging-push-as-emib-hbi-scale-up/	raw/articles/2026-06-19_trendforce_intel-skhynix-exceo-foundry-evp-emib.md
tsmc accelerates copos packaging to replace cowos as glass core substrates cut costs 30 and boost wafer utilization past 90	TSMC Accelerates CoPoS Packaging to Replace CoWoS, as Glass Core Substrates Cut Costs 30% and Boost Wafer Utilization Past 90%	https://wccftech.com/tsmc-accelerates-copos-packaging-replace-cowos-as-glass-core-substrates-cut-costs-boost-wafer-utilizatio/	raw/articles/2026-06-20_wccftech_tsmc-copos-glass-core-cost-cut.md
intel advances multi die packaging strategy	Intel Advances Multi-Die Packaging Strategy	https://convergedigest.com/intel-advances-multi-die-packaging-strategy/	raw/articles/2026-06-21_convergedigest_intel-emib-t-multi-die-packaging.md
sandisk advances beyond hbf new patent bonds processor onto nand tile with hbm stacks on shared interposer	SanDisk Advances Beyond HBF: New Patent Bonds Processor Onto NAND Tile, With HBM Stacks on Shared Interposer	https://www.trendforce.com/news/2026/06/22/news-sandisk-advances-beyond-hbf-new-patent-bonds-processor-onto-nand-tile-with-hbm-stacks-on-shared-interposer/	raw/articles/2026-06-22_trendforce_sandisk-hbf-patent-nand-processor-bonding.md
foplp glass substrate market to surge past 8b by 2030	FOPLP, glass substrate market to surge past $8B by 2030	https://www.communicationstoday.co.in/foplp-glass-substrate-market-to-surge-past-8b-by-2030/	raw/articles/2026-06-23_communicationstoday_foplp-glass-substrate-market-8b-2030.md
samsung hbm4 revenue surpasses 1b while sk hynix slows hbm4 ramp to protect dram margins	Samsung HBM4 Revenue Surpasses $1B While SK hynix Slows HBM4 Ramp to Protect DRAM Margins	https://www.trendforce.com/news/2026/06/23/news-samsung-hbm4-revenue-surpasses-1-billion-while-sk-hynix-slows-hbm4-ramp-to-protect-dram-margins/	raw/articles/2026-06-23_trendforce_hbm4-strategy-split-samsung-skhynix.md
sk hynix dethroned samsung after 26 years now choosing ddr5 profits over hbm4 ramp	SK Hynix Dethroned Samsung After 26 Years: Now Choosing DDR5 Profits Over HBM4 Ramp	https://www.techtimes.com/articles/319016/20260624/sk-hynix-dethroned-samsung-after-26-years-now-choosing-ddr5-profits-over-hbm4-ramp.htm	raw/articles/2026-06-24_techtimes_sk-hynix-dethroned-samsung-ddr5-hbm4.md
corning highlights glass bridge for cpo and glass core packaging	Corning Highlights Glass Bridge for CPO and Glass-Core Packaging	https://www.thelec.net/news/articleView.html?idxno=11620	raw/articles/2026-06-24_thelec_corning-glass-bridge-cpo-packaging.md
from wafer to panel how lam is building the future of advanced packaging	From Wafer to Panel: How Lam Is Building the Future of Advanced Packaging	https://newsroom.lamresearch.com/wafer-to-panel-lam-scaling-advanced-packaging-panel-level-processing?blog=true	raw/articles/2026-06-25_lamresearch_wafer-to-panel-salzburg-panel-coe.md
sk hynix confirms nasdaq listing seeking up to 29 billion in a record adr offering	SK hynix Confirms Nasdaq Listing, Seeking Up to $29 Billion in a Record ADR Offering	https://www.techtimes.com/articles/318997/20260625/sk-hynix-confirms-nasdaq-listing-seeking-29-billion-record-adr-offering.htm	raw/articles/2026-06-25_techtimes_sk-hynix-nasdaq-adr-29b.md
micron s record results quiet ai bubble concerns as operating profit hits 33 3 billion	Micron's Record Results Quiet AI Bubble Concerns as Operating Profit Hits $33.3 Billion	https://www.thelec.net/news/articleView.html?idxno=11654	raw/articles/2026-06-25_thelec_micron-q3-fy2026-record-results.md
chip industry week in review 144	Chip Industry Week In Review #144	https://semiengineering.com/chip-industry-week-in-review-144/	raw/articles/2026-06-26_semieng_chip-week-review-144.md
where co packaged optics cpo technology stands in 2026	Where co-packaged optics (CPO) technology stands in 2026	https://www.edn.com/where-co-packaged-optics-cpo-technology-stands-in-2026/	raw/articles/2026-06-27_edn_cpo-technology-status-2026.md
intel foundry gathers customers and partners outlines priorities	Intel Foundry Gathers Customers and Partners, Outlines Priorities	https://www.intc.com/news-events/press-releases/detail/1739/intel-foundry-gathers-customers-and-partners-outlines	raw/articles/2026-06-27_intel_foundry-direct-connect-2025-packaging-roadmap.md
tsmc to raise cowos capacity targets for 2026 2027	TSMC to Raise CoWoS Capacity Targets for 2026–2027	https://en.tmtpost.com/news/7859892	raw/articles/2026-06-27_tmtpost_tsmc-cowos-capacity-targets-2026-2027.md
sk hynix samsung and micron fighting for nvidia supply contracts for new 16 hi hbm4 orders	SK hynix, Samsung, and Micron fighting for NVIDIA supply contracts for new 16-Hi HBM4 orders	https://www.tweaktown.com/news/109495/sk-hynix-samsung-and-micron-fighting-for-nvidia-supply-contracts-for-new-16-hi-hbm4-orders/index.html	raw/articles/2026-06-27_tweaktown_hbm4-16hi-nvidia-supply-fight.md
ai packaging game changer glass substrates ignite global race toward mass production	AI Packaging Game-Changer 'Glass Substrates' Ignite Global Race Toward Mass Production	https://economy.ac/news/2026/06/202606289308	raw/articles/2026-06-28_economy-ac_glass-substrate-global-race.md
tsmc cowos supply demand gap reportedly seen narrowing from 20 to 10 by end 2026 as capacity expands	TSMC CoWoS Supply-Demand Gap Reportedly Seen Narrowing from 20% to 10% by End-2026 as Capacity Expands	https://www.trendforce.com/news/2026/06/15/news-tsmc-cowos-supply-demand-gap-reportedly-seen-narrowing-from-20-to-10-by-end-2026-as-capacity-expands/	raw/articles/2026-06-28_trendforce_cowos-supply-demand-gap-narrowing.md
amkor technology reports financial results for the first quarter 2026	Amkor Technology Reports Financial Results for the First Quarter 2026	https://www.businesswire.com/news/home/20260427274345/en/Amkor-Technology-Reports-Financial-Results-for-the-First-Quarter-2026	raw/articles/2026-06-29_businesswire_amkor-q1-2026-earnings.md
ev group highlights hybrid bonding layer transfer and maskless lithography technologies for heterogeneous integration and advanced packaging at ectc 2026	EV Group Highlights Hybrid Bonding, Layer Transfer and Maskless Lithography Technologies for Heterogeneous Integration and Advanced Packaging at ECTC 2026	https://www.evgroup.com/company/news/detail/ev-group-highlights-hybrid-bonding-layer-transfer-and-maskless-lithography-technologies-for-heterogeneous-integration-and-advanced-packaging-at-ectc-2026	raw/articles/2026-06-29_evgroup_ectc2026-hybrid-bonding-layer-transfer.md
sk hynix orders hybrid bonding equipment from applied materials and besi	SK hynix Orders Hybrid Bonding Equipment From Applied Materials and Besi	https://www.thelec.net/news/articleView.html?idxno=6246	raw/articles/2026-06-29_thelec_skhynix-hybrid-bonding-equipment-order.md
news ase targets foplp mass production by end 2026 launches 15 expansion projects this year amid ai boom	[News] ASE Targets FOPLP Mass Production by End-2026, Launches 15 Expansion Projects This Year Amid AI Boom	https://www.trendforce.com/news/2026/06/25/news-ase-targets-foplp-mass-production-by-end-2026-launches-15-expansion-projects-this-year-amid-ai-boom/	raw/articles/2026-06-29_trendforce_ase-foplp-mass-production-2026.md
news china s osats step up tongfu microelectronics to raise rmb 4 4b jcet backs chip fund	[News] China's OSATs Step Up: Tongfu Microelectronics to Raise RMB 4.4B; JCET Backs Chip Fund	https://www.trendforce.com/news/2026/01/19/news-chinas-osat-giants-step-up-tongfu-microelectronics-to-raise-rmb-4-4b-jcet-backs-chip-fund/	raw/articles/2026-06-29_trendforce_china-osat-tongfu-jcet-investment.md
amkor technology breaks ground on new semiconductor advanced packaging and test campus in arizona expands investment to 7 billion	Amkor Technology Breaks Ground on New Semiconductor Advanced Packaging and Test Campus in Arizona; Expands Investment to $7 Billion	https://ir.amkor.com/news-releases/news-release-details/amkor-technology-breaks-ground-new-semiconductor-advanced	raw/articles/2026-06-30_amkor-ir_arizona-7billion-groundbreaking.md
amkor eyes triple revenue growth in 2 5d and hdfo packaging for 2026	Amkor eyes triple revenue growth in 2.5D and HDFO packaging for 2026	https://www.digitimes.com/news/a20260305PD240/amkor-packaging-2026-osat-growth.html	raw/articles/2026-06-30_digitimes_amkor-2.5d-hdfo-growth-2026.md
tsmc plp timeline faces skepticism from taiwan industry sources	TSMC PLP timeline faces skepticism from Taiwan industry sources	https://www.digitimes.com/news/a20260616VL205/tsmc-taiwan-packaging-production-foplp.html	raw/articles/2026-06-30_digitimes_tsmc-foplp-timeline-skepticism.md
us chip packaging capacity to hit 10 by 2032	US chip packaging capacity to hit 10% by 2032	https://www.digitimes.com/news/a20260428PD216/capacity-packaging-osat-reshoring-tsmc.html	raw/articles/2026-06-30_digitimes_us-packaging-capacity-10pct-2032.md
applied materials unveils six new dram and advanced packaging systems for ai chips	Applied Materials Unveils Six New DRAM and Advanced Packaging Systems for AI Chips	https://www.thelec.net/news/articleView.html?idxno=11800	raw/articles/2026-06-30_thelec_amat-six-new-dram-packaging-systems.md
news ase reportedly to break ground on six new plants in 2026 cpo mass production expected to begin this year	[News] ASE Reportedly to Break Ground on Six New Plants in 2026; CPO Mass Production Expected to Begin This Year	https://www.trendforce.com/news/2026/04/10/news-ase-reportedly-to-break-ground-on-six-new-plants-in-2026-cpo-mass-production-expected-to-begin-this-year/	raw/articles/2026-06-30_trendforce_ase-six-plants-cpo-2026.md
samsung sk hynix 800 trillion won expansion strains chipmaking tool supply potentially pressures tsmc and intel	Samsung, SK hynix 800 Trillion Won Expansion Strains Chipmaking Tool Supply, Potentially Pressures TSMC and Intel	https://www.trendforce.com/news/2026/06/30/news-samsung-sk-hynix-800-trillion-won-expansion-strains-chipmaking-tool-supply-potentially-pressures-tsmc-and-intel/	raw/articles/2026-06-30_trendforce_samsung-skhynix-800t-expansion-equipment.md
ase reportedly raises advanced packaging quotes by more than 20 in latest ai driven price hike	ASE Reportedly Raises Advanced Packaging Quotes by More Than 20% in Latest AI-Driven Price Hike	https://www.trendforce.com/news/2026/07/01/news-ase-reportedly-raises-advanced-packaging-quotes-by-more-than-20-in-latest-ai-driven-price-hike/	raw/articles/2026-07-01_trendforce_ase-packaging-price-hike-20pct.md
musk s terafab lands first major hire as 18 year intel veteran with 18a experience joins as director	Musk's TeraFab Lands First Major Hire as 18-Year Intel Veteran With 18A Experience Joins as Director	https://www.trendforce.com/news/2026/07/01/news-musks-terafab-lands-first-major-hire-as-18-year-intel-veteran-with-18a-experience-joins-as-director/	raw/articles/2026-07-01_trendforce_terafab-intel-veteran-gary-jiang.md
samsung reportedly expands 2nm portfolio ahead of 2029 sf1 4 mass production sf2p targets 2027 28	Samsung Reportedly Expands 2nm Portfolio Ahead of 2029 SF1.4 Mass Production; SF2P+ Targets 2027–28	https://www.trendforce.com/news/2026/07/02/news-samsung-reportedly-expands-2nm-portfolio-ahead-of-2029-sf1-4-mass-production-sf2p-targets-2027-28/	raw/articles/2026-07-02_trendforce_samsung-2nm-sf2p-plus-roadmap-tsmc-n2.md
samsung files new hbm dummy die patent to enhance high stack reliability seen as aimed at 16 layer hbm5	Samsung Files New HBM Dummy Die Patent to Enhance High-Stack Reliability; Seen as Aimed at 16-Layer HBM5	https://www.trendforce.com/news/2026/07/02/news-samsung-files-new-hbm-dummy-die-patent-to-enhance-high-stack-reliability-seen-as-aimed-at-16-layer-hbm5/	raw/articles/2026-07-02_trendforce_samsung-hbm-dummy-die-patent-hbm5.md
sk hynix unveils krw 100t cheongju investment including krw 80t for new nand fab targeting 1h29 operations	SK hynix Unveils KRW 100T Cheongju Investment, Including KRW 80T for New NAND Fab Targeting 1H29 Operations	https://www.trendforce.com/news/2026/07/02/news-sk-hynix-unveils-krw-100t-cheongju-investment-including-krw-80t-for-new-nand-fab-targeting-1h29-operations/	raw/articles/2026-07-02_trendforce_sk-hynix-samsung-cheongju-investment.md
sk hynix reportedly removes price cap in memory long term agreements diverging from micron	SK hynix Reportedly Removes Price Cap in Memory Long-Term Agreements, Diverging from Micron	https://www.trendforce.com/news/2026/07/02/news-sk-hynix-reportedly-removes-price-cap-in-memory-long-term-agreements-diverging-from-micron/	raw/articles/2026-07-02_trendforce_skhynix-removes-price-cap-lta-diverging-micron.md
anthropic reportedly eyes custom ai chip in talks with samsung for 2nm foundry and advanced packaging	Anthropic Reportedly Eyes Custom AI Chip; in Talks with Samsung for 2nm Foundry and Advanced Packaging	https://www.trendforce.com/news/2026/07/03/news-anthropic-reportedly-eyes-custom-ai-chip-in-talks-with-samsung-for-2nm-foundry-and-advanced-packaging/	raw/articles/2026-07-03_trendforce_anthropic-samsung-2nm-advanced-packaging.md
china s chip material suppliers challenge japanese dominance guangyuan invests us 1b in t glass	China's Chip Material Suppliers Challenge Japanese Dominance; Guangyuan Invests US$1B in T-Glass	https://www.trendforce.com/news/2026/07/03/news-chinas-chip-material-suppliers-challenge-japanese-dominance-guangyuan-invests-us1b-in-t-glass/	raw/articles/2026-07-03_trendforce_china-tglass-guangyuan-1b.md
chip industry week in review issue 145	Chip Industry Week in Review — Issue #145	https://semiengineering.com/chip-industry-week-in-review-145/	raw/articles/2026-07-04_semieng_chip-week-145.md
china breaks into panel level packaging cfmee s 510 515mm plp system passes validation	China Breaks Into Panel-level Packaging: CFMEE's 510×515mm PLP System Passes Validation	https://www.trendforce.com/news/2026/07/06/china-breaks-into-panel-level-packaging-cfmees-510x515mm-plp-system-passes-validation-as-countrys-first/	raw/articles/2026-07-06_trendforce_cfmee-plp2000-china-first-plp-litho-validation.md
micron breaks ground on hiroshima fab expansion scaling 1 dram and hbm output as equipment set for 2h28	Micron Breaks Ground on Hiroshima Fab Expansion, Scaling 1γ DRAM and HBM Output as Equipment Set for 2H28	https://www.trendforce.com/news/2026/07/06/news-micron-breaks-ground-on-hiroshima-fab-expansion-scaling-1y-dram-and-hbm-output-as-equipment-set-for-2h28/	raw/articles/2026-07-06_trendforce_micron-hiroshima-fab-expansion-hbm-1gamma.md
samsung electro mechanics reportedly to form glass core jv with sumitomo unit targeting 2h27 production	Samsung Electro-Mechanics Reportedly to Form Glass Core JV with Sumitomo Unit, Targeting 2H27 Production	https://www.trendforce.com/news/2026/07/06/news-samsung-electro-mechanics-reportedly-signs-deal-to-form-glass-core-jv-with-sumitomo-unit-targeting-2h27-production/	raw/articles/2026-07-06_trendforce_samsung-em-glassem-jv-sumitomo-glass-core.md
samsung s 2q operating profit soars 1 810 to record krw 89 4t reportedly surpassing nvidia and apple	Samsung's 2Q Operating Profit Soars 1,810% to Record KRW 89.4T, Reportedly Surpassing NVIDIA and Apple	https://www.trendforce.com/news/2026/07/07/news-samsungs-2q-operating-profit-soars-1810-to-record-krw-89-4t-reportedly-surpassing-nvidia-and-apple/	raw/articles/2026-07-07_trendforce_samsung-q2-2026-record-krw894t-earnings.md
samsung sk hynix reportedly reconsider hybrid bonding timeline 16 high hbm4e may be earliest adoption	Samsung, SK hynix Reportedly Reconsider Hybrid Bonding Timeline; 16-High HBM4E May Be Earliest Adoption	https://www.trendforce.com/news/2026/07/07/news-samsung-sk-hynix-reportedly-reconsider-hybrid-bonding-timeline-16-high-hbm4e-may-be-earliest-adoption/	raw/articles/2026-07-07_trendforce_samsung-skhynix-hybrid-bonding-delay-16hi-hbm4e.md
jedec releases new sphbm4 standard to slash ai memory costs narrow 512 bit interface enables dropping expensive interposers for organic substrates	JEDEC releases new SPHBM4 standard to slash AI memory costs — Narrow 512-bit interface enables dropping expensive interposers for organic substrates	https://www.tomshardware.com/pc-components/dram/jedec-releases-new-sphbm4-standard-to-slash-ai-memory-costs-narrow-512-bit-interface-enables-dropping-expensive-interposers-for-organic-substrates	raw/articles/2026-07-08_tomshardware_jedec-sphbm4-organic-substrate.md
jedec releases new sphbm4 standard to slash ai memory costs narrow 512 bit interface enables dropping expensive interposers for organic substrates	JEDEC releases new SPHBM4 standard to slash AI memory costs — Narrow 512-bit interface enables dropping expensive interposers for organic substrates	https://www.tomshardware.com/pc-components/dram/jedec-releases-new-sphbm4-standard-to-slash-ai-memory-costs-narrow-512-bit-interface-enables-dropping-expensive-interposers-for-organic-substrates	raw/articles/2026-07-08_tomshardware_sphbm4-jedec-jesd330-4-organic-substrate.md
new dram price fixing case against samsung sk hynix and micron tests whether hbm expansion can prove collusion	New DRAM Price-Fixing Case Against Samsung, SK hynix, and Micron Tests Whether HBM Expansion Can Prove Collusion	https://www.trendforce.com/news/2026/07/08/news-new-dram-price-fixing-case-against-samsung-sk-hynix-and-micron-tests-whether-hbm-expansion-can-prove-collusion/	raw/articles/2026-07-08_trendforce_dram-price-fixing-lawsuit-hbm-collusion.md
intel patent reveals xbm matching hbm4 footprint without interposers commercialization seen after 2030	Intel Patent Reveals XBM Matching HBM4 Footprint Without Interposers; Commercialization Seen After 2030	https://www.trendforce.com/news/2026/07/08/news-intel-patent-reveals-xbm-matching-hbm4-footprint-without-interposers-commercialization-seen-after-2030/	raw/articles/2026-07-08_trendforce_intel-xbm-patent-hbm4-footprint-ucie.md
tsmc pic capacity seen surging to 25k wafers month by 2028 nvidia broadcom eyed as early coupe customers	TSMC PIC Capacity Seen Surging to 25K Wafers/Month by 2028; NVIDIA, Broadcom Eyed as Early COUPE Customers	https://www.trendforce.com/news/2026/07/08/news-tsmc-pic-capacity-seen-surging-to-25k-wafersmonth-by-2028-nvidia-broadcom-eyed-as-early-coupe-customers/	raw/articles/2026-07-08_trendforce_tsmc-pic-capacity-25k-coupe-nvidia-broadcom.md
nvidia next gen rosa cpu may adopt tsmc a16 with back side power delivery eyes 2028 launch	NVIDIA Next-Gen Rosa CPU May Adopt TSMC A16 with Back-Side Power Delivery, Eyes 2028 Launch	https://www.trendforce.com/news/2026/07/09/news-nvidia-next-gen-rosa-cpu-may-adopt-tsmc-a16-with-back-side-power-delivery-eyes-2028-launch/	raw/articles/2026-07-09_trendforce_nvidia-rosa-cpu-tsmc-a16-backside-power-2028.md
breaking through the limits of process shrinkage advanced packaging reshapes the semiconductor competitive landscape as tsmc led backend ecosystem reorganization accelerates	Breaking Through the Limits of Process Shrinkage: Advanced Packaging Reshapes the Semiconductor Competitive Landscape as TSMC-Led Backend Ecosystem Reorganization Accelerates	https://economy.ac/news/2026/07/202607289515	raw/articles/2026-07-10_economy-ac_tsmc-led-advanced-packaging-ecosystem-taiwan.md
chip industry week in review 146	Chip Industry Week In Review #146	https://semiengineering.com/chip-industry-week-in-review-146/	raw/articles/2026-07-10_semieng_chip-week-146.md
micron lifts u s spending to 250 billion company takes 500 million position in america s only 300mm wafer plant	Micron lifts U.S. spending to $250 billion — company takes $500 million position in America's only 300mm wafer plant	https://www.tomshardware.com/tech-industry/semiconductors/micron-takes-a-500-million-position-in-americas-only-300mm-wafer-plant	raw/articles/2026-07-10_tomshardware_micron-250b-us-investment-globalwafers.md
korea s postech develops tech for stable 10 layer chip stacking achieving 4 the density of 12 hi hbm	Korea's POSTECH Develops Tech for Stable 10+ Layer Chip Stacking, Achieving 4× the Density of 12-Hi HBM	https://www.trendforce.com/news/2026/07/10/news-koreas-postech-develops-tech-for-stable-10-layer-chip-stacking-achieving-4x-the-density-of-12-hi-hbm/	raw/articles/2026-07-10_trendforce_postech-chip-stacking-10layer-4x-hbm-density.md
sk hynix soars 13 on nasdaq debut hbm architecture makes it irreplaceable in ai chips	SK Hynix Soars 13% on Nasdaq Debut: HBM Architecture Makes It Irreplaceable in AI Chips	https://www.techtimes.com/articles/320235/20260712/sk-hynix-soars-13-nasdaq-debut-hbm-architecture-makes-it-irreplaceable-ai-chips.htm	raw/articles/2026-07-12_techtimes_sk-hynix-nasdaq-debut-skhy-13pct-gain-hbm-cowos.md
sk hynix chair dismisses hbm slowdown talk reportedly says clients want memory capacity up 5 6x	SK hynix Chair Dismisses HBM Slowdown Talk, Reportedly Says Clients Want Memory Capacity Up 5-6x	https://www.trendforce.com/news/2026/07/13/news-sk-hynix-chair-dismisses-hbm-slowdown-talk-reportedly-says-clients-want-memory-capacity-up-5-6x/	raw/articles/2026-07-13_trendforce_skhynix-chair-hbm-slowdown-5-6x-demand-lutnick-us.md
tsmc s june revenue hits record nt 442 7 billion q2 sales reach guidance high end earnings call preview	TSMC's June Revenue Hits Record NT$442.7 Billion, Q2 Sales Reach Guidance High End: Earnings Call Preview	https://www.trendforce.com/news/2026/07/13/news-tsmcs-june-revenue-hits-record-nt442-7-billion-q2-sales-reach-guidance-high-end-earnings-call-preview/	raw/articles/2026-07-13_trendforce_tsmc-june-revenue-q2-record-copos-cowos-forecast.md
huawei baidu and industry partners launch china s first npo optical interconnect multi source agreement	Huawei, Baidu and Industry Partners Launch China's First NPO Optical Interconnect Multi-Source Agreement	https://www.trendforce.com/news/2026/07/14/news-huawei-baidu-and-industry-partners-launch-chinas-first-npo-optical-interconnect-multi-source-agreement/	raw/articles/2026-07-14_trendforce_huawei-baidu-npo-msa-china-optical-interconnect.md
intel pours 5b into ireland fab doubling down on intel 3 as europe s most advanced chip node	Intel Pours €5B Into Ireland Fab, Doubling Down on Intel 3 as Europe's Most Advanced Chip Node	https://www.trendforce.com/news/2026/07/14/news-intel-pours-e5b-into-ireland-fab-doubling-down-on-intel-3-as-europes-most-advanced-chip-node/	raw/articles/2026-07-14_trendforce_intel-ireland-5b-fab34-intel3.md
samsung steps up hiring across entire hbm process to accelerate hbm4 ramp and hbm4e hbm5 development	Samsung Steps Up Hiring Across Entire HBM Process to Accelerate HBM4 Ramp and HBM4E/HBM5 Development	https://www.trendforce.com/news/2026/07/14/news-samsung-steps-up-hiring-across-entire-hbm-process-to-accelerate-hbm4-ramp-and-hbm4ehbm5-development/	raw/articles/2026-07-14_trendforce_samsung-hbm-hiring-hbm4-hbm4e-hbm5.md
sk hynix reportedly starts yongin y1 equipment orders moves up phase 1 opening to feb 2027	SK hynix Reportedly Starts Yongin Y1 Equipment Orders, Moves Up Phase 1 Opening to Feb. 2027	https://www.trendforce.com/news/2026/07/14/news-sk-hynix-reportedly-starts-yongin-y1-equipment-orders-moves-up-phase-1-opening-to-feb-2027/	raw/articles/2026-07-14_trendforce_skhynix-yongin-y1-accelerated-feb2027.md
umc announces first delivery of mass produced silicon photonics wafers from singapore 12 inch fab	UMC Announces First Delivery of Mass-Produced Silicon Photonics Wafers from Singapore 12-Inch Fab	https://www.trendforce.com/news/2026/07/14/news-umc-announces-first-delivery-of-mass-produced-silicon-photonics-wafers-from-singapore-12-inch-fab/	raw/articles/2026-07-14_trendforce_umc-silith-silicon-photonics-hvm-singapore.md
korean and japanese researchers unveil new ai memory architectures to address hbm thermal limits	Korean and Japanese Researchers Unveil New AI Memory Architectures to Address HBM Thermal Limits	https://www.trendforce.com/news/2026/07/15/news-korean-and-japanese-researchers-unveil-new-ai-memory-architectures-turning-dram-sideways-to-address-hbm-bandwidth-and-thermal-limits/	raw/articles/2026-07-15_trendforce_korean-japanese-v-die-mosaic-ai-memory.md
psmc reportedly secures intel emib certification for silicon capacitors eyes 10k 12 inch wafer capacity by 2027	PSMC Reportedly Secures Intel EMIB Certification for Silicon Capacitors, Eyes 10K 12-inch Wafer Capacity by 2027	https://www.trendforce.com/news/2026/07/15/news-psmc-reportedly-secures-intel-emib-certification-for-silicon-capacitors-targets-10k-12-inch-wafers-per-month-by-2027/	raw/articles/2026-07-15_trendforce_psmc-intel-emib-silicon-capacitor-certification.md
alternative materials for hybrid bonding	Alternative Materials For Hybrid Bonding	https://semiengineering.com/alternative-materials-for-hybrid-bonding/	raw/articles/2026-07-16_semieng_alternative-materials-hybrid-bonding.md
can fine pitch hybrid bonding go high volume	Can Fine-Pitch Hybrid Bonding Go High Volume?	https://semiengineering.com/can-fine-pitch-hybrid-bonding-go-high-volume/	raw/articles/2026-07-16_semieng_fine-pitch-hybrid-bonding-high-volume.md
tsmc boosts arizona investment by us 100b plans 4 more fabs for 2nm and advanced packaging	TSMC Boosts Arizona Investment by US$100B, Plans 4 More Fabs for 2nm and Advanced Packaging	https://www.trendforce.com/news/2026/07/16/news-tsmc-boosts-arizona-investment-by-us100b-plans-4-more-fabs-for-2nm-and-advanced-packaging/	raw/articles/2026-07-16_trendforce_tsmc-arizona-100b-boost-265b-total.md
tsmc lifts 2026 capex 15 to 60 64b hikes sales outlook to over 40 despite q3 margin dip	TSMC Lifts 2026 Capex 15% to $60-64B, Hikes Sales Outlook to Over 40% Despite Q3 Margin Dip	https://www.trendforce.com/news/2026/07/16/news-tsmc-lifts-2026-capex-15-to-60-64b-hikes-sales-outlook-to-over-40-despite-q3-margin-dip/	raw/articles/2026-07-16_trendforce_tsmc-capex-60-64b-q3-guidance.md
tsmc 2q26 net income soars 77 yoy to nt 706 6b record gross margin beats forecast at 67 7	TSMC 2Q26 Net Income Soars 77% YoY to NT$706.6B Record; Gross Margin Beats Forecast at 67.7%	https://www.trendforce.com/news/2026/07/16/news-tsmc-2q26-net-income-soars-77-yoy-to-nt706-56b-record-eps-nt27-25-gross-margin-beats-forecast-at-67-7/	raw/articles/2026-07-16_trendforce_tsmc-q2-2026-net-income-706b-record.md
tsmc welcomes intel s emib for more market flexibility ceo jokes about memory makers margin boom	TSMC Welcomes Intel's EMIB for More Market Flexibility; CEO Jokes About Memory Makers' Margin Boom	https://www.trendforce.com/news/2026/07/16/news-tsmc-welcomes-intels-emib-for-more-market-flexibility-ceo-jokes-about-memory-makers-margin-boom/	raw/articles/2026-07-16_trendforce_tsmc-welcomes-intel-emib-market-flexibility.md
chip industry week in review 147	Chip Industry Week In Review #147	https://semiengineering.com/chip-industry-week-in-review-147/	raw/articles/2026-07-17_semieng_chip-week-147.md
tsmc after earnings call foreign brokerages see euv driven capex surge and 2027 price hikes	TSMC After Earnings Call: Foreign Brokerages See EUV-Driven CapEx Surge and 2027 Price Hikes	https://www.trendforce.com/news/2026/07/17/news-tsmc-after-earnings-call-foreign-brokerages-see-euv-driven-capex-surge-and-2027-price-hikes/	raw/articles/2026-07-17_trendforce_tsmc-post-earnings-euv-capex-2027-price-hikes.md
tsmc s 265b u s bet no food left on the table despite 4 5x higher fab construction costs	TSMC's $265B U.S. Bet: No Food Left on the Table Despite 4-5x Higher Fab Construction Costs	https://www.trendforce.com/news/2026/07/20/news-tsmcs-265b-u-s-bet-no-food-left-on-the-table-despite-4-5x-higher-fab-construction-costs/	raw/articles/2026-07-20_trendforce_tsmc-265b-arizona-intel-nova-lake.md
sabre 3d powering the next era of advanced packaging	SABRE 3D: Powering the Next Era of Advanced Packaging	https://newsroom.lamresearch.com/blog-sabre-3d-advanced-packaging-interconnects	raw/articles/2026-07-21_lamresearch_sabre-3d-ecd-advanced-packaging.md
samsung reportedly targets 2026 cxl 3 2 mass production sk hynix advances new ai memory architecture	Samsung Reportedly Targets 2026 CXL 3.2 Mass Production; SK hynix Advances New AI Memory Architecture	https://www.trendforce.com/news/2026/07/21/news-samsung-reportedly-targets-2026-cxl-3-2-mass-production-sk-hynix-advances-new-ai-memory-architecture/	raw/articles/2026-07-21_trendforce_samsung-cxl-3.2-skhynix-imte-ai-memory.md
samsung plans 50 tool hybrid bonding production line in pyeongtaek	Samsung Plans 50-Tool Hybrid Bonding Production Line in Pyeongtaek	https://www.thelec.net/news/articleView.html?idxno=12385	raw/articles/2026-07-22_thelec_samsung-50-tool-d2w-hybrid-bonding-line-pyeongtaek-p5.md
samsung reportedly builds hybrid bonding mass production line full scale deployment seen in 2029 2030	Samsung Reportedly Builds Hybrid Bonding Mass Production Line; Full-Scale Deployment Seen in 2029–2030	https://www.trendforce.com/news/2026/07/22/news-samsung-reportedly-builds-hybrid-bonding-mass-production-line-full-scale-deployment-seen-in-2029-2030/	raw/articles/2026-07-22_trendforce_samsung-hybrid-bonding-mass-production-besi-d2w.md
sk hynix set to post record operating margin in q2 as hbm mix weighs on asp growth and ltas gain focus	SK hynix Set to Post Record Operating Margin in Q2, as HBM Mix Weighs on ASP Growth and LTAs Gain Focus	https://www.trendforce.com/news/2026/07/22/news-sk-hynix-set-to-post-record-operating-margin-in-q2-as-hbm-mix-weighs-on-asp-growth-and-ltas-gain-focus/	raw/articles/2026-07-22_trendforce_skhynix-q2-record-margin-forecast.md
tsmc reportedly plans up to 10 price hikes in 2027 with extra hpc premiums apple nvidia in focus	TSMC Reportedly Plans Up to 10% Price Hikes in 2027, with Extra HPC Premiums: Apple, NVIDIA in Focus	https://www.trendforce.com/news/2026/07/22/news-tsmc-reportedly-plans-up-to-10-price-hikes-in-2027-with-extra-hpc-premiums-apple-nvidia-in-focus/	raw/articles/2026-07-22_trendforce_tsmc-2027-price-hike-10pct-hpc-premium.md
amkor technology announces strategic partnership with nvidia to expand advanced packaging and test for next generation ai infrastructure	Amkor Technology Announces Strategic Partnership with NVIDIA to Expand Advanced Packaging and Test for Next-Generation AI Infrastructure	https://ir.amkor.com/news-releases/news-release-details/amkor-technology-announces-strategic-partnership-nvidia-expand	raw/articles/2026-07-23_amkor-ir_nvidia-amkor-1-5b-strategic-partnership.md
sk hynix reportedly eyed as potential partner to operate intel s ohio fab after denying acquisition plans	SK hynix Reportedly Eyed as Potential Partner to Operate Intel's Ohio Fab After Denying Acquisition Plans	https://www.trendforce.com/news/2026/07/23/news-sk-hynix-reportedly-eyed-as-potential-partner-to-operate-intels-ohio-fab-after-denying-acquisition-plans/	raw/articles/2026-07-23_trendforce_skhynix-intel-ohio-fab-partner-emib.md
chip industry week in review 148	Chip Industry Week In Review #148	https://semiengineering.com/chip-industry-week-in-review-148/	raw/articles/2026-07-24_semieng_chip-week-148.md
amd unveils mi455x targeting nvidia rubin tsmc 2nm cowos l demand seen rising	AMD Unveils MI455X Targeting Nvidia Rubin; TSMC 2nm, CoWoS-L Demand Seen Rising	https://www.trendforce.com/news/2026/07/24/news-amd-unveils-mi455x-targeting-nvidia-rubin-tsmc-2nm-cowos-l-demand-seen-rising/	raw/articles/2026-07-24_trendforce_amd-mi455x-cowos-l-soic-foplp-demand.md
hkc announced investment in advanced semiconductor packaging and testing	HKC Announced Investment in Advanced Semiconductor Packaging and Testing	https://www.trendforce.com/news/2026/07/24/news-hkc-announced-investment-in-advanced-semiconductor-packaging-and-testing/	raw/articles/2026-07-24_trendforce_hkc-advanced-packaging-testing-cny4b-shaoxing.md
intel pulls forward 14a timeline by one year targeting 2028 mass production near tsmc s roadmap	Intel Pulls Forward 14A Timeline by One Year, Targeting 2028 Mass Production Near TSMC's Roadmap	https://www.trendforce.com/news/2026/07/24/news-intel-pulls-forward-14a-timeline-by-one-year-targeting-2028-mass-production-near-tsmcs-roadmap/	raw/articles/2026-07-24_trendforce_intel-14a-pulled-forward-2028-q2-earnings.md
skc reportedly pushes glass substrate mass production to 2027 targets final validation by year end	SKC Reportedly Pushes Glass Substrate Mass Production to 2027, Targets Final Validation by Year-end	https://www.trendforce.com/news/2026/07/24/news-skc-reportedly-pushes-glass-substrate-mass-production-to-2027-targets-final-validation-by-year-end/	raw/articles/2026-07-24_trendforce_skc-absolics-glass-substrate-mass-production-delayed-2027.md
sk hynix reportedly hires for 3d stacked dram on logic with a u s customer targets on device ai	SK hynix Reportedly Hires for 3D-Stacked DRAM-on-Logic With a U.S. Customer; Targets On-Device AI	https://www.trendforce.com/news/2026/07/24/news-sk-hynix-reportedly-hires-for-3d-stacked-dram-on-logic-with-a-u-s-customer-targets-on-device-ai/	raw/articles/2026-07-24_trendforce_skhynix-3d-stacked-dram-on-logic-on-device-ai.md
nvidia and broadcom begin volume ramp of cpo switches with optical engine yield and advanced packaging capacity emerging as key expansion bottlenecks	NVIDIA and Broadcom Begin Volume Ramp of CPO Switches, with Optical Engine Yield and Advanced Packaging Capacity Emerging as Key Expansion Bottlenecks	https://www.trendforce.com/presscenter/news/20260727-13151.html	raw/articles/2026-07-27_trendforce_presscenter_cpo-switches-nvidia-broadcom-volume-ramp.md
q2 memory earnings preview what to watch from samsung sk hynix and kioxia	Q2 Memory Earnings Preview: What to Watch From Samsung, SK hynix, and Kioxia	https://www.trendforce.com/news/2026/07/27/news-q2-memory-earnings-preview-what-to-watch-from-samsung-sk-hynix-and-kioxia/	raw/articles/2026-07-27_trendforce_q2-memory-earnings-preview-samsung-skhynix-kioxia.md
tsmc scales 2nm capacity as samsung wins major ai chip deal with broadcom	TSMC Scales 2nm Capacity as Samsung Wins Major AI Chip Deal with Broadcom	https://www.trendforce.com/news/2026/07/27/news-tsmc-scales-2nm-capacity-as-samsung-wins-major-ai-chip-deal-with-broadcom/	raw/articles/2026-07-27_trendforce_tsmc-2nm-samsung-broadcom-mou-foundry.md
china s lens boe advance glass substrates as taiwan s supply chain prepares for tsmc s copos	China's Lens, BOE Advance Glass Substrates as Taiwan's Supply Chain Prepares for TSMC's CoPoS	https://www.trendforce.com/news/2026/07/28/news-chinas-lens-boe-advance-glass-substrates-as-taiwans-supply-chain-prepares-for-tsmcs-copos/	raw/articles/2026-07-28_trendforce_glass-substrate-copos-intel-lens-boe-taiwan.md
nvidia reportedly halves vera rubin socamm capacity as memory costs near 29 of system bom	NVIDIA Reportedly Halves Vera Rubin SOCAMM Capacity as Memory Costs Near 29% of System BOM	https://www.trendforce.com/news/2026/07/28/news-nvidia-reportedly-halves-vera-rubin-socamm-capacity-as-memory-costs-near-29-of-system-bom/	raw/articles/2026-07-28_trendforce_nvidia-vera-rubin-socamm-halved-memory-bom.md
flat enough warpage management gets harder in advanced packaging	Flat Enough? Warpage Management Gets Harder In Advanced Packaging	https://semiengineering.com/flat-enough-warpage-management-gets-harder-in-advanced-packaging/	raw/articles/2026-07-29_semieng_warpage-management-advanced-packaging.md
sk hynix announces 2q26 financial results	SK hynix Announces 2Q26 Financial Results	https://news.skhynix.com/en/q2-2026-business-results/	raw/articles/2026-07-29_skhynix_q2-2026-financial-results.md
chinese advanced packaging firms kicks start a new round of capacity expansion	Chinese Advanced Packaging Firms Kicks-Start a New Round of Capacity Expansion	https://www.trendforce.com/news/2026/07/29/news-chinese-advanced-packaging-firms-kicks-start-a-new-round-of-capacity-expansion/	raw/articles/2026-07-29_trendforce_china-advanced-packaging-new-capacity-wave.md
china s semiconductor sector attracts billions in industrial investment funds	China's Semiconductor Sector Attracts Billions in Industrial Investment Funds	https://www.trendforce.com/news/2026/07/29/news-chinas-semiconductor-sector-attracts-billions-in-industrial-investment-funds/	raw/articles/2026-07-29_trendforce_china-semiconductor-industrial-investment-funds.md
samsung s ds unit delivers 99 7 of q2 profit amid memory boom hbm4 revenue reportedly to triple in q3	Samsung's DS Unit Delivers 99.7% of Q2 Profit amid Memory Boom; HBM4 Revenue Reportedly to Triple in Q3	https://www.trendforce.com/news/2026/07/30/news-samsungs-ds-unit-delivers-99-7-of-q2-profit-amid-memory-boom-hbm4-revenue-reportedly-to-triple-in-q3/	raw/articles/2026-07-30_trendforce_samsung-ds-q2-2026-hbm4-revenue-triple-q3.md
mass production and capacity expansion accelerate reshaping the foundry landscape in silicon photonics	Mass Production and Capacity Expansion Accelerate, Reshaping the Foundry Landscape in Silicon Photonics	https://www.trendforce.com/news/2026/07/30/news-mass-production-and-capacity-expansion-accelerate-reshaping-the-foundry-landscape-in-silicon-photonics/	raw/articles/2026-07-30_trendforce_silicon-photonics-foundry-landscape-mass-production.md
tsmc is reportedly developing advanced chip packaging tech to challenge intel s dominance	TSMC Is Reportedly Developing Advanced Chip Packaging Tech to Challenge Intel's Dominance	https://www.benzinga.com/markets/tech/26/07/60829355/tsmc-is-reportedly-developing-advanced-chip-packaging-tech-to-challenge-intels-dominance	raw/articles/2026-07-31_benzinga_tsmc-emib-like-kinsus.md
chip industry week in review 149	Chip Industry Week In Review #149	https://semiengineering.com/chip-industry-week-in-review-149/	raw/articles/2026-07-31_semieng_chip-week-149-dac-chips-act-intel-rio-rancho.md
ase again raises 2026 capex to record us 10 5b eyes 2x leading edge advanced packaging revenue by 2027	ASE Again Raises 2026 CapEx to Record US$10.5B; Eyes 2x Leading-Edge Advanced Packaging Revenue by 2027	https://www.trendforce.com/news/2026/07/31/news-ase-again-raises-2026-capex-to-record-us10-5b-eyes-2x-leading-edge-advanced-packaging-revenue-by-2027/	raw/articles/2026-07-31_trendforce_ase-capex-record-10-5b-leap-foplp.md
tsmc reportedly develops emib like packaging with kinsus to prevent potential customer shift to intel	TSMC Reportedly Develops EMIB-like Packaging with Kinsus to Prevent Potential Customer Shift to Intel	https://www.trendforce.com/news/2026/07/31/news-tsmc-reportedly-develops-emib-like-packaging-with-kinsus-to-prevent-potential-customer-shift-to-intel/	raw/articles/2026-07-31_trendforce_tsmc-emib-like-packaging-kinsus.md
kumamoto fab restart update tel sony resume operations tsmc s jasm fab 1 under inspection after m7 1 quake	Kumamoto Fab Restart Update: TEL, Sony Resume Operations; TSMC's JASM Fab 1 Under Inspection after M7.1 Quake	https://www.trendforce.com/news/2026/08/03/news-kumamoto-fab-restart-update-tel-sony-resume-operations-tsmcs-jasm-fab-1-under-inspection-after-m7-1-quake/	raw/articles/2026-08-03_trendforce_kumamoto-m71-quake-tsmc-jasm-tel-sony-restart.md
zj innolight debuts on hkex in record ipo as inp substrate bottleneck intensifies	ZJ Innolight Debuts on HKEX in Record IPO as InP Substrate Bottleneck Intensifies	https://www.trendforce.com/news/2026/08/03/news-zj-innolight-debuts-on-hkex-in-record-ipo-as-inp-substrate-bottleneck-intensifies/	raw/articles/2026-08-03_trendforce_zj-innolight-hkex-ipo-inp-substrate-bottleneck.md
from blueprint to build engineering the world s largest ai chips	From Blueprint To Build: Engineering The World's Largest AI Chips	https://semiengineering.com/from-blueprint-to-build-engineering-the-worlds-largest-ai-chips/	raw/articles/2026-08-04_semieng_from-blueprint-intel-hlff-240mm-emib-foveros.md
sk hynix sandisk debut hbf standard to challenge ai memory bottlenecks with google tenstorrent support	SK hynix, SanDisk Debut HBF Standard to Challenge AI Memory Bottlenecks with Google, Tenstorrent Support	https://www.trendforce.com/news/2026/08/04/sk-hynix-sandisk-debut-hbf-standard-to-challenge-ai-memory-bottlenecks-with-google-tenstorrent-support/	raw/articles/2026-08-04_trendforce_hbf-standard-fms2026-skhynix-sandisk-google.md
psmc reportedly becomes intel s exclusive emib silicon capacitor supplier umc may see order boost	PSMC Reportedly Becomes Intel's Exclusive EMIB Silicon Capacitor Supplier; UMC May See Order Boost	https://www.trendforce.com/news/2026/08/04/news-psmc-reportedly-becomes-intels-exclusive-emib-silicon-capacitor-supplier-umc-may-see-order-boost/	raw/articles/2026-08-04_trendforce_psmc-exclusive-emib-silicon-capacitor-umc-boost.md
samsung unveils industry first 400 layer v10 bv nand memory density up 58 vs v9	Samsung Unveils Industry-First 400-Layer V10 BV-NAND, Memory Density Up 58% vs V9	https://www.trendforce.com/news/2026/08/05/news-samsung-unveils-industry-first-400-layer-v10-bv-nand-memory-density-up-58-vs-v9/	raw/articles/2026-08-05_trendforce_samsung-v10-nand-zhbm-hbm5-fms2026.md
tsmc reportedly expands outsourcing of key cowos front end step to osats amid rising nvidia asic demand	TSMC Reportedly Expands Outsourcing of Key CoWoS Front-End Step to OSATs Amid Rising NVIDIA, ASIC Demand	https://www.trendforce.com/news/2026/08/05/news-tsmc-reportedly-expands-outsourcing-of-key-cowos-front-end-step-to-osats-amid-rising-nvidia-asic-demand/	raw/articles/2026-08-05_trendforce_tsmc-cowos-cow-outsourcing-osat-expansion.md
samsung debuts three next generation memory technologies for ai data centers zhbm znand o and bv nand all rely on advanced wafer bonding technologies	Samsung debuts three next-generation memory technologies for AI data centers — zHBM, zNAND-O, and BV-NAND all rely on advanced wafer bonding technologies	https://www.tomshardware.com/pc-components/dram/samsung-debuts-three-next-generation-memory-technologies-for-ai-data-centers-zhbm-znand-o-and-bv-nand-all-rely-on-advanced-wafer-bonding-technologies	raw/articles/2026-08-06_tomshardware_samsung-zhbm-znando-bvnand-fms2026-wafer-bonding.md
inp shortage emerges as ai optical interconnect bottleneck	InP Shortage Emerges as AI Optical Interconnect Bottleneck	https://www.trendforce.com/news/2026/08/06/news-inp-shortage-emerges-as-ai-optical-interconnect-bottleneck/	raw/articles/2026-08-06_trendforce_inp-shortage-ai-optical-interconnect-bottleneck.md
nittobo raises fy2027 net profit forecast by jpy 3b no further t glass price hikes planned	Nittobo Raises FY2027 Net Profit Forecast by JPY 3B; No Further T-Glass Price Hikes Planned	https://www.trendforce.com/news/2026/08/06/news-nittobo-raises-fy2027-net-profit-forecast-by-jpy-3b-no-further-t-glass-price-hikes-planned/	raw/articles/2026-08-06_trendforce_nittobo-tglass-fy2027-forecast-capacity.md
chip industry week in review 150	Chip Industry Week in Review #150	https://semiengineering.com/chip-industry-week-in-review-150/	raw/articles/2026-08-07_semieng_chip-week-150-fms-terafab-wsts-1-65t.md
18 chinese enterprises accelerate positions in glass core substrate market	18 Chinese Enterprises Accelerate Positions in Glass Core Substrate Market	https://www.trendforce.com/news/2026/08/07/news-18-chinese-enterprises-accelerate-positions-in-glass-core-substrate-market/	raw/articles/2026-08-07_trendforce_18-chinese-enterprises-glass-core-substrate.md
china s big fund phase iii pivot from fab building to advanced packaging equipment and ai chips	China's Big Fund Phase III Pivot: From Fab-Building to Advanced Packaging, Equipment, and AI Chips	https://www.trendforce.com/news/2026/08/07/news-chinas-big-fund-phase-iii-pivot-from-fab-building-to-advanced-packaging-equipment-and-ai-chips/	raw/articles/2026-08-07_trendforce_china-big-fund-phase-iii-pivot-advanced-packaging.md
memory giants race ahead sk hynix targets 2029 yongin y2 cleanroom samsung advances p5 p5 fab 2	Memory Giants Race Ahead: SK hynix Targets 2029 Yongin Y2 Cleanroom; Samsung Advances P5, P5 Fab 2	https://www.trendforce.com/news/2026/08/07/news-memory-giants-race-ahead-sk-hynix-targets-2029-yongin-y2-cleanroom-samsung-advances-pyeongtaek-p5-p5-fab-2/	raw/articles/2026-08-07_trendforce_skhynix-y2-fab-samsung-p5-parallel-expansion.md
tesla s terafab takes shape in texas with 16 8b first phase memory engineering hiring signals dram push	Tesla's Terafab Takes Shape in Texas with $16.8B First Phase; Memory Engineering Hiring Signals DRAM Push	https://www.trendforce.com/news/2026/08/07/news-teslas-terafab-takes-shape-in-texas-with-16-8b-first-phase-memory-engineering-hiring-signals-dram-push/	raw/articles/2026-08-07_trendforce_terafab-texas-16-8b-memory-hiring.md
samsung s hbm4 yield reportedly hits 80 as hbm race heats up sk hynix labor talks add a twist	Samsung's HBM4 Yield Reportedly Hits 80% as HBM Race Heats Up, SK hynix Labor Talks Add a Twist	https://www.trendforce.com/news/2026/08/10/news-samsungs-hbm4-yield-reportedly-hits-80-as-race-to-supply-vera-rubin-heats-up-sk-hynix-labor-talks-add-a-twist/	raw/articles/2026-08-10_trendforce_samsung-hbm4-yield-80pct-skhynix-labor.md
sk hynix s chongqing sale plan signals a global production reset not a china exit or full ownership of every site	SK hynix's Chongqing Sale Plan Signals a Global Production Reset, Not a China Exit—Or Full Ownership of Every Site	https://www.trendforce.com/news/2026/08/10/news-sk-hynixs-chongqing-sale-plan-signals-a-global-production-reset-not-a-china-exit-or-full-ownership-of-every-site/	raw/articles/2026-08-10_trendforce_skhynix-chongqing-sale-global-reset.md
tsmc reportedly eyes two auo fabs worth twd 30b for foplp and copos longtan could add 1 4nm	TSMC Reportedly Eyes Two AUO Fabs Worth TWD 30B+ for FOPLP and CoPoS; Longtan Could Add 1.4nm	https://www.trendforce.com/news/2026/08/10/news-tsmc-reportedly-eyes-two-auo-fabs-worth-twd-30b-for-foplp-and-copos-longtan-could-add-1-4nm/	raw/articles/2026-08-10_trendforce_tsmc-auo-fabs-foplp-copos-longtan.md
hbm becomes testbed for 3d assembly yield	HBM Becomes Testbed For 3D Assembly Yield	https://semiengineering.com/hbm-becomes-testbed-for-3d-assembly-yield/	raw/articles/2026-08-11_semieng_hbm-testbed-3d-assembly-yield.md
intel raises 19 7 billion to help fund future projects as 14a production looms share sale attracted 100 billion in demand report claims	Intel raises $19.7 billion to help fund future projects as 14A production looms — share sale attracted $100 billion in demand, report claims	https://www.tomshardware.com/tech-industry/semiconductors/intel-raises-usd19-7-billion-to-help-fund-future-projects-as-14a-production-looms-share-sale-attracted-usd100-billion-in-demand-report-claims	raw/articles/2026-08-11_tomshardware_intel-19-7b-stock-offering-14a.md
tsmc s 5 5 reticle cowos reportedly tops 99 yield flags memory abf as ai bottlenecks	TSMC's 5.5-Reticle CoWoS Reportedly Tops 99% Yield; Flags Memory, ABF as AI Bottlenecks	https://www.trendforce.com/news/2026/08/11/news-tsmcs-5-5-reticle-cowos-reportedly-tops-99-yield-flags-memory-abf-as-ai-bottlenecks/	raw/articles/2026-08-11_trendforce_tsmc-cowos-5-5-reticle-99pct-yield-abf-bottleneck.md
samsung electro mechanics glass substrate qualification stalls mass production pushed beyond 2028	Samsung Electro-Mechanics' Glass Substrate Qualification Stalls, Mass Production Pushed Beyond 2028	https://finance.biggo.com/news/2e9bec2b-d71e-4f6d-a200-6ce90ee80930	raw/articles/2026-08-12_biggo_samsung-em-glass-sample-reliability-failure-beyond-2028.md
ase s spil breaks ground on nearly twd 100b plant in douliu to boost cowos capacity operations set for 2028	ASE's SPIL Breaks Ground on Nearly TWD 100B Plant in Douliu to Boost CoWoS Capacity, Operations Set for 2028	https://www.trendforce.com/news/2026/08/12/news-ases-spil-breaks-ground-on-nearly-twd-100b-plant-in-douliu-to-boost-cowos-capacity-operations-set-for-2028/	raw/articles/2026-08-12_trendforce_ase-spil-douliu-twd100b-cowos-2028.md
micron flags hbm4e as start of custom hbm era hbm market could tilt toward dual or single suppliers	Micron Flags HBM4E as Start of Custom HBM Era; HBM Market Could Tilt Toward Dual-or-Single Suppliers	https://www.trendforce.com/news/2026/08/12/news-micron-flags-hbm4e-as-start-of-custom-hbm-era-hbm-market-could-tilt-toward-dual-or-single-suppliers/	raw/articles/2026-08-12_trendforce_micron-hbm4e-custom-era-dual-supplier.md
micron meets less than half of data center demand as customers rush to secure memory at very high prices	Micron Meets Less Than Half of Data Center Demand as Customers Rush to Secure Memory at 'Very High' Prices	https://www.trendforce.com/news/2026/08/12/news-micron-can-meet-less-than-half-of-data-center-demand-as-customers-rush-to-secure-memory-at-very-high-prices/	raw/articles/2026-08-12_trendforce_micron-less-than-half-datacenter-demand.md
the 1 megawatt rack debate	The 1-Megawatt Rack Debate	https://semiengineering.com/the-1-megawatt-rack-debate/	raw/articles/2026-08-13_semieng_1-megawatt-rack-debate-thermal.md
copper s grip on ai scaling is starting to slip	Copper's Grip On AI Scaling Is Starting To Slip	https://semiengineering.com/coppers-grip-on-ai-scaling-is-starting-to-slip/	raw/articles/2026-08-13_semieng_coppers-grip-ai-scaling-slip.md
intel reportedly hints at memory reentry eyes cpu memory stacking as xbm patent emerges	Intel Reportedly Hints at Memory Reentry, Eyes CPU-Memory Stacking as XBM Patent Emerges	https://www.trendforce.com/news/2026/08/13/news-intel-reportedly-hints-at-memory-reentry-eyes-cpu-memory-stacking-as-xbm-patent-emerges/	raw/articles/2026-08-13_trendforce_intel-memory-reentry-xbm-zam-saimemory.md
samsung sk hynix s hbm4 push puts hbm general memory pricing in the spotlight for 2h earnings	Samsung, SK hynix's HBM4 Push Puts HBM, General Memory Pricing in the Spotlight for 2H Earnings	https://www.trendforce.com/news/2026/08/13/news-samsung-sk-hynixs-hbm4-push-puts-hbm-general-memory-pricing-in-the-spotlight-for-2h-earnings/	raw/articles/2026-08-13_trendforce_samsung-skhynix-hbm4-2h-earnings-pricing.md
applied materials lifts 2026 packaging growth above 70 dram set to accelerate china remains key market	Applied Materials Lifts 2026 Packaging Growth Above 70%; DRAM Set to Accelerate, China Remains Key Market	https://www.trendforce.com/news/2026/08/14/news-applied-materials-lifts-2026-packaging-growth-above-70-dram-set-to-accelerate-china-remains-key-market/	raw/articles/2026-08-14_trendforce_applied-materials-packaging-growth-70pct-q3-2026.md
samsung may repurpose r d line for foundry targeting 2nm hbm base dies for future nvidia demand	Samsung May Repurpose R&D Line for Foundry, Targeting 2nm HBM Base Dies for Future NVIDIA Demand	https://www.trendforce.com/news/2026/08/14/news-samsung-may-repurpose-rd-line-for-foundry-targeting-2nm-hbm-base-dies-for-future-nvidia-demand/	raw/articles/2026-08-14_trendforce_samsung-nrdk-line2-2nm-hbm5-base-die.md
sandisk reportedly tapes out first hbf product targets 2027 samples and 2028 production	Sandisk Reportedly Tapes Out First HBF Product, Targets 2027 Samples and 2028 Production	https://www.trendforce.com/news/2026/08/14/news-sandisk-reportedly-tapes-out-first-hbf-product-targets-2027-samples-and-2028-production/	raw/articles/2026-08-14_trendforce_sandisk-hbf-tapeout-2027-samples-2028-production.md
chip industry week in review 151	Chip Industry Week In Review #151	https://semiengineering.com/chip-industry-week-in-review-151/	raw/articles/2026-08-15_semieng_chip-week-151-amat-lam-korea-fund-china.md
samsung sk hynix 1h26 chip facility investment up 35 nvidia not among samsung s top five customers	Samsung, SK hynix 1H26 Chip Facility Investment Up 35%; NVIDIA Not Among Samsung's Top Five Customers	https://www.trendforce.com/news/2026/08/17/news-samsung-sk-hynix-1h26-chip-facility-investment-up-35-nvidia-not-among-samsungs-top-five-customers/	raw/articles/2026-08-17_trendforce_samsung-skhynix-1h26-facility-investment-35pct.md
tsmc arizona profit soars 663 yoy in 1h26 u s earnings pull back 8 2 qoq in 2q as depreciation bites	TSMC Arizona Profit Soars 663% YoY in 1H26; U.S. Earnings Pull Back 8.2% QoQ in 2Q as Depreciation Bites	https://www.trendforce.com/news/2026/08/17/news-tsmc-arizona-profit-soars-663-yoy-in-1h26-u-s-earnings-pull-back-8-2-qoq-in-2q-as-depreciation-bites/	raw/articles/2026-08-17_trendforce_tsmc-arizona-profit-663pct-1h26.md
chip industry technical paper roundup aug 18	Chip Industry Technical Paper Roundup: Aug. 18	https://semiengineering.com/chip-industry-technical-paper-roundup-aug-18/	raw/articles/2026-08-18_semieng_chip-technical-paper-roundup-aug18.md
shinko electric advances 22 layer glass substrates samsung electronic mechanics faces ramp up uncertainty	Shinko Electric Advances 22-Layer Glass Substrates; Samsung Electronic Mechanics Faces Ramp-Up Uncertainty	https://www.trendforce.com/news/2026/08/18/news-glass-substrate-war-heats-up-shinko-electric-advances-22-layer-product-as-samsung-reportedly-faces-ramp-up-uncertainty/	raw/articles/2026-08-18_trendforce_shinko-electric-22layer-glass-substrate-samsung-em-glassem.md
intel emib t push gains momentum as tsmc cowos crunch drives spillover unimicron ase stand to benefit	Intel EMIB-T Push Gains Momentum as TSMC CoWoS Crunch Drives Spillover; Unimicron, ASE Stand to Benefit	https://www.trendforce.com/news/2026/08/19/news-intel-emib-t-push-gains-momentum-as-tsmc-cowos-crunch-drives-spillover-unimicron-ase-stand-to-benefit/	raw/articles/2026-08-19_trendforce_intel-emib-t-cowos-spillover-unimicron-ase.md
sk hynix reportedly builds silicon valley hbm team to boost customer co design with u s big tech	SK hynix Reportedly Builds Silicon Valley HBM Team to Boost Customer Co-Design With U.S. Big Tech	https://www.trendforce.com/news/2026/08/19/news-sk-hynix-reportedly-builds-silicon-valley-hbm-team-to-boost-customer-co-design-with-u-s-big-tech/	raw/articles/2026-08-19_trendforce_skhynix-silicon-valley-hbm-codesign-team.md
samsung to break ground on krw 6t onyang hbm fab in sept p5 eyes triple fab shift as expansion accelerates	Samsung to Break Ground on KRW 6T Onyang HBM Fab in Sept., P5 Eyes Triple-Fab Shift as Expansion Accelerates	https://www.trendforce.com/news/2026/08/20/news-samsung-to-break-ground-on-krw-6t-onyang-hbm-fab-in-sept-p5-eyes-triple-fab-shift-as-expansion-accelerates/	raw/articles/2026-08-20_trendforce_samsung-onyang-hbm-fab-krw6t-p5-triple.md
sk hynix unveils cpo roadmap looks beyond hbm to ai infrastructure	SK hynix Unveils CPO Roadmap, Looks Beyond HBM to AI Infrastructure	https://www.trendforce.com/news/2026/08/20/news-sk-hynix-unveils-cpo-roadmap-looks-beyond-hbm-to-ai-infrastructure/	raw/articles/2026-08-20_trendforce_skhynix-cpo-roadmap-nature-electronics.md
chip industry week in review 152	Chip Industry Week In Review #152	https://semiengineering.com/chip-industry-week-in-review-152/	raw/articles/2026-08-21_semieng_chip-week-152-micron-lab-18a-cpo-packaging.md
chip packaging experts flag heat as ai s biggest bottleneck ai driven design cpo and stco may help	Chip Packaging Experts Flag Heat as AI's Biggest Bottleneck; AI-Driven Design, CPO and STCO May Help	https://www.trendforce.com/news/2026/08/21/news-chip-packaging-experts-flag-heat-as-ais-biggest-bottleneck-ai-driven-design-cpo-and-stco-may-help/	raw/articles/2026-08-21_trendforce_chip-packaging-heat-ai-bottleneck-cpo-stco.md
rapidus scales up advanced packaging targets 8 reticle interposers with 600mm panels by 2030	Rapidus Scales Up Advanced Packaging, Targets 8-Reticle Interposers With 600mm Panels by 2030	https://www.trendforce.com/news/2026/08/21/news-rapidus-scales-up-advanced-packaging-targets-8-reticle-interposers-with-600mm-panels-by-2030/	raw/articles/2026-08-21_trendforce_rapidus-panel-level-packaging-8reticle-600mm-2030.md
intel outlines architectures for agentic ai at hot chips 2026	Intel Outlines Architectures for Agentic AI at Hot Chips 2026	https://newsroom.intel.com/client-computing/intel-outlines-architectures-for-agentic-ai-at-hot-chips-2026	raw/articles/2026-08-24_intel-newsroom_hot-chips-2026-diamond-rapids-foveros-ucie.md
multi die assemblies dominate at 2nm and below	Multi-Die Assemblies Dominate At 2nm And Below	https://semiengineering.com/multi-die-assemblies-dominate-at-2nm-and-below/	raw/articles/2026-08-24_semieng_multi-die-assemblies-dominate-2nm-below.md
hot chips 2026 sk hynix pushes hybrid bonding to hbm5 as ai memory hits 775 micron ceiling	Hot Chips 2026: SK hynix pushes hybrid bonding to HBM5 as AI memory hits 775-micron ceiling	https://www.tomshardware.com/tech-industry/semiconductors/sk-hynix-says-hybrid-bonding-wont-be-ready-for-hbm4e-as-ai-memory-runs-into-a-775-micron-ceiling	raw/articles/2026-08-24_tomshardware_skhynix-hbm5-hybrid-bonding-775-micron-ceiling.md
hot chips 2026 samsung s zhbm claims 70 power efficiency gain sk hynix evaluates intel emib	Hot Chips 2026: Samsung's zHBM Claims 70% Power-Efficiency Gain; SK hynix Evaluates Intel EMIB	https://www.trendforce.com/news/2026/08/24/news-hot-chips-2026-samsungs-zhbm-claims-70-power-efficiency-gain-sk-hynix-evaluates-intel-emib/	raw/articles/2026-08-24_trendforce_hot-chips-2026-samsung-zhbm-skhynix-emib.md
amd mi400 gpu at hot chips 2026	AMD MI400 GPU at Hot Chips 2026	https://www.servethehome.com/amd-mi400-gpu-at-hot-chips-2026/	raw/articles/2026-08-25_servethehome_amd-mi455x-hot-chips-2026-cowos-l-hbm4-hybrid-bonding.md
lg enters chip packaging arena with laser direct imaging machine as tsmc s cowos remains constrained	LG enters chip packaging arena with Laser Direct Imaging machine, as TSMC's CoWoS remains constrained	https://www.tomshardware.com/tech-industry/semiconductors/lg-enters-chip-packaging-arena-with-laser-direct-imaging-machine-as-tsmcs-cowos-remains-constrained-maskless-machine-is-designed-to-pattern-fine-interconnects-trading-resolution-for-higher-throughput	raw/articles/2026-08-25_tomshardware_lg-chip-packaging-laser-direct-imaging.md
hot chips 2026 micron warns hbm wafer penalty is widening with every generation ai memory uses 3x more silicon than ddr5	Hot Chips 2026: Micron warns HBM wafer penalty is widening with every generation — AI memory uses 3x more silicon than DDR5	https://www.tomshardware.com/tech-industry/semiconductors/micron-says-the-silicon-gap-between-hbm-and-ddr5-is-widening-with-every-generation	raw/articles/2026-08-25_tomshardware_micron-hot-chips-hbm-wafer-penalty-memory-wall.md
intel unveils three ai architectures at hot chips 2026 diamond rapids taps in house 18a p and advanced packaging	Intel Unveils Three AI Architectures at Hot Chips 2026, Diamond Rapids Taps In-House 18A-P and Advanced Packaging	https://www.trendforce.com/news/2026/08/25/news-intel-unveils-three-ai-architectures-at-hot-chips-2026-diamond-rapids-taps-in-house-18a-p-and-advanced-packaging/	raw/articles/2026-08-25_trendforce_intel-hot-chips-2026-diamond-rapids-wildcat-lake.md
nvidia s reported 15 server hike boosts samsung sk hynix with hbm prices potentially up 50 in 2027	NVIDIA's Reported 15% Server Hike Boosts Samsung, SK hynix, With HBM Prices Potentially Up 50%+ in 2027	https://www.trendforce.com/news/2026/08/25/news-nvidias-reported-15-server-hike-boosts-samsung-sk-hynix-with-hbm-prices-potentially-up-50-in-2027/	raw/articles/2026-08-25_trendforce_nvidia-server-hike-15pct-hbm-price-50pct-2027.md
hot chips 2026 arm details agi server cpu with two 70 core n3p chiplets touts 2 tb s ucie fabric link and 12 channel memory controller	Hot Chips 2026: Arm details AGI server CPU with two 70-core N3P chiplets — touts 2 TB/s UCIe fabric link and 12-channel memory controller	https://www.tomshardware.com/pc-components/cpus/hot-chips-2026-arm-details-agi-server-cpu-with-two-70-core-n3p-chiplets-touts-2-tb-s-ucie-fabric-link-and-12-channel-memory-controller	raw/articles/2026-08-26_tomshardware_arm-agi-cpu-hot-chips-2026-ucie-chiplets.md
hot chips 2026 d matrix stacks ai accelerator directly on custom dram for 100 tb s per card tsmc 4nm compute die bonded face to face at a 36 micron pitch on top of a custom designed die	Hot Chips 2026: d-Matrix stacks AI accelerator directly on custom DRAM for 100 TB/s per card — TSMC 4nm compute die bonded face-to-face at a 36-micron pitch on top of a custom-designed die	https://www.tomshardware.com/tech-industry/semiconductors/d-matrix-stacks-its-ai-accelerator-directly-on-custom-dram-for-100-tbs-per-card	raw/articles/2026-08-26_tomshardware_dmatrix-raptor-3d-dram-36um-100tbs.md
hot chips 2026 high bandwidth flash promises massive bandwidth and capacity but its usability is extremely limited	Hot Chips 2026: High Bandwidth Flash promises massive bandwidth and capacity, but its usability is extremely limited	https://www.tomshardware.com/pc-components/ssds/hot-chips-2026-high-bandwidth-flash-promises-massive-bandwidth-and-capacity-but-its-usability-is-extremely-limited-new-memory-format-strikes-a-balance-between-hbm-and-nand-flash	raw/articles/2026-08-26_tomshardware_hbf-hot-chips-2026-oxmiq-analysis-limited-usability.md
openai debuts jalape o ai inference chip with samsung reportedly supplying hbm4	OpenAI Debuts Jalapeño AI Inference Chip, with Samsung Reportedly Supplying HBM4	https://www.trendforce.com/news/2026/08/26/news-openai-debuts-jalapeno-ai-inference-chip-with-samsung-reportedly-supplying-hbm4/	raw/articles/2026-08-26_trendforce_openai-jalapeno-chip-samsung-hbm4.md
samsung s 4nm gaia could mark first pim commercialization in ai pcs mass production as early as 2027	Samsung's 4nm GAIA Could Mark First PIM Commercialization in AI PCs, Mass Production as Early as 2027	https://www.trendforce.com/news/2026/08/26/news-samsungs-4nm-gaia-could-mark-first-pim-commercialization-in-ai-pcs-mass-production-as-early-as-2027/	raw/articles/2026-08-26_trendforce_samsung-gaia-pim-4nm-ai-pc-2027.md
nvidia s supply commitments soar to 279b as memory costs surge new nvhbm boosts bandwidth 30 cuts power 15	NVIDIA's Supply Commitments Soar to $279B as Memory Costs Surge; New NVHBM Boosts Bandwidth 30%, Cuts Power 15%	https://www.trendforce.com/news/2026/08/27/news-nvidias-supply-commitments-soar-to-279b-as-memory-costs-surge-new-nvhbm-boosts-bandwidth-30-cuts-power-15/	raw/articles/2026-08-27_trendforce_nvidia-279b-supply-nvhbm-30pct-bandwidth.md
chip industry week in review 153	Chip Industry Week In Review #153	https://semiengineering.com/chip-industry-week-in-review-153/	raw/articles/2026-08-28_semieng_chip-week-153-hot-chips-hbc-sk-hynix-indiana.md
sk hynix breaks ground on indiana packaging plant eyes hbm4e by 3q29 ceo sees tight supply through 2030	SK hynix Breaks Ground on Indiana Packaging Plant, Eyes HBM4E by 3Q29; CEO Sees Tight Supply Through 2030	https://www.trendforce.com/news/2026/08/28/news-sk-hynix-breaks-ground-on-indiana-packaging-plant-eyes-hbm4e-by-3q29-ceo-sees-tight-supply-through-2030/	raw/articles/2026-08-28_trendforce_skhynix-indiana-hbm4e-3q29-tight-supply-2030.md
tsmc linked vis fab 3 fire puts further pressure on tight 8 inch capacity	TSMC-Linked VIS' Fab 3 Fire Puts Further Pressure on Tight 8-Inch Capacity	https://www.trendforce.com/news/2026/08/28/news-tsmc-linked-vanguard-international-semiconductors-fab-3-fire-puts-further-pressure-on-tight-8-inch-capacity/	raw/articles/2026-08-28_trendforce_vis-fab3-fire-8inch-capacity.md
intel s advanced packaging led by emib t reportedly set to hit its stride in 2029 dram manufacturing ruled out	Intel's Advanced Packaging, Led by EMIB-T, Reportedly Set to Hit Its Stride in 2029; DRAM Manufacturing Ruled Out	https://www.trendforce.com/news/2026/08/31/news-intels-advanced-packaging-led-by-emib-t-reportedly-set-to-hit-its-stride-in-2029-dram-manufacturing-return-ruled-out/	raw/articles/2026-08-31_trendforce_intel-emib-t-stride-2029-dram-ruled-out.md
powertech plans nt 70b push for world s first panel level ai chip packaging in 2027 potentially ahead of tsmc	Powertech Plans NT$70B Push for World's First Panel-Level AI Chip Packaging in 2027, Potentially Ahead of TSMC	https://www.trendforce.com/news/2026/08/31/news-powertech-plans-nt70b-push-for-worlds-first-panel-level-ai-chip-packaging-in-2027-potentially-ahead-of-tsmc/	raw/articles/2026-08-31_trendforce_powertech-nt70b-foplp-pifo-panel-level-ai-chip-2027.md
sk hynix reportedly weighs intel for hbm4e base dies amid tsmc cost pressure and supply diversification	SK hynix Reportedly Weighs Intel for HBM4E Base Dies amid TSMC Cost Pressure and Supply Diversification	https://www.trendforce.com/news/2026/08/31/news-sk-hynix-reportedly-weighs-intel-for-hbm4e-base-dies-amid-tsmc-cost-pressure-and-supply-diversification/	raw/articles/2026-08-31_trendforce_skhynix-weighs-intel-hbm4e-base-die-tsmc-cost.md
tsmc soic cowos to drive 50 compute by 2029 silicon photonics to top 50 of transceiver market by 2027	TSMC: SoIC, CoWoS to Drive 50× Compute by 2029; Silicon Photonics to Top 50% of Transceiver Market by 2027	https://www.trendforce.com/news/2026/08/31/news-tsmc-soic-cowos-drive-50x-compute-by-2029-silicon-photonics-to-top-50-of-transceiver-market-by-2027/	raw/articles/2026-08-31_trendforce_tsmc-soic-cowos-50x-compute-coupe-silicon-photonics.md
chip industry technical paper roundup sep 1	Chip Industry Technical Paper Roundup: Sep. 1	https://semiengineering.com/chip-industry-technical-paper-roundup-sep-1/	raw/articles/2026-09-01_semieng_chip-paper-roundup-sep1-3dic-optical-liquid-cooling.md
hot chips 2026 samsung reveals a three phase hbm roadmap that puts logic and compute inside memory zhbm ultimately stacks dram directly on top of the processor	Hot Chips 2026: Samsung reveals a three-phase HBM roadmap that puts logic and compute inside memory — zHBM ultimately stacks DRAM directly on top of the processor	https://www.tomshardware.com/tech-industry/semiconductors/hot-chips-2026-samsung-reveals-a-three-phase-hbm-roadmap-that-puts-logic-and-compute-inside-memory-zhbm-ultimately-stacks-dram-directly-on-top-of-the-processor	raw/articles/2026-09-01_tomshardware_samsung-hot-chips-2026-three-phase-hbm-zhbm-roadmap.md
nvidia s first investment in a taiwan listed firm in spotlight what the mediatek deal means for the ai race	NVIDIA's First Investment in a Taiwan-Listed Firm in Spotlight: What the MediaTek Deal Means for the AI Race	https://www.trendforce.com/news/2026/09/01/news-nvidias-first-investment-in-a-taiwan-listed-firm-in-spotlight-what-the-mediatek-deal-means-for-the-ai-race/	raw/articles/2026-09-01_trendforce_nvidia-mediatek-35b-xpu-ecosystem-ase-packaging.md
samsung unveils memory roadmap at semicon hbm5 targets 2 hbm4e performance zhbm 8 boost	Samsung Unveils Memory Roadmap at SEMICON: HBM5 Targets 2× HBM4E Performance, zHBM 8× Boost	https://www.trendforce.com/news/2026/09/01/news-samsung-unveils-memory-roadmap-at-semicon-hbm5-targets-2x-hbm4e-performance-zhbm-8x-boost/	raw/articles/2026-09-01_trendforce_samsung-hbm5-2x-hbm4e-zhbm-8x-semicon-taiwan.md
the current state of hybrid bonding in 2026 tsmc sits at 6 microns and the hbm delay that nobody expected	The current state of Hybrid Bonding in 2026 — TSMC sits at 6 microns and the HBM delay that nobody expected	https://www.tomshardware.com/tech-industry/semiconductors/hybrid-bonding-roadmap-examined	raw/articles/2026-09-02_tomshardware_hybrid-bonding-roadmap-2026-tsmc-intel-hbm-delay.md
samsung teases new hbm5 with twice the performance of hbm4e ambitious data transfer rates could hint at 4 096 bit interface	Samsung teases new HBM5 with twice the performance of HBM4E — ambitious data transfer rates could hint at 4,096-bit interface	https://www.tomshardware.com/pc-components/dram/samsung-teases-new-hbm5-with-twice-the-performance-of-hbm4e-ambitious-data-transfer-rates-could-hint-at-4-096-bit-interface	raw/articles/2026-09-02_tomshardware_samsung-hbm5-4tbps-4096bit-heat-path-block.md
google says memory tops 75 of server bom tpu software dual strategy targets memory wall	Google Says Memory Tops 75% of Server BOM; TPU-Software Dual Strategy Targets Memory Wall	https://www.trendforce.com/news/2026/09/02/news-google-says-memory-tops-75-of-server-bom-tpu-software-dual-strategy-targets-memory-wall/	raw/articles/2026-09-02_trendforce_google-memory-75pct-server-bom-tpu-memory-wall.md
tsmc eyes chip level microchannel cooling as ai system power could rise 6 in five years	TSMC Eyes Chip-Level Microchannel Cooling as AI System Power Could Rise 6× in Five Years	https://www.trendforce.com/news/2026/09/02/news-tsmc-eyes-chip-level-microchannel-cooling-as-ai-system-power-could-rise-6x-in-five-years/	raw/articles/2026-09-02_trendforce_tsmc-microchannel-cooling-ai-power-6x-five-years.md
china s chip tool push amec expands 3d memory equipment wellrun targets key metrology gap	China's Chip Tool Push: AMEC Expands 3D Memory Equipment; Wellrun Targets Key Metrology Gap	https://www.trendforce.com/news/2026/09/03/news-chinas-chip-tool-push-amec-unveils-3d-nand-tools-wellrun-targets-key-cd-sem-gap-with-14nm-system/	raw/articles/2026-09-03_trendforce_china-chip-tool-amec-3d-memory-wellrun-cd-sem.md
inp gains traction sumitomo initiates epitaxial wafer mass production wuhan tianyuan enters market	InP Gains Traction: Sumitomo Initiates Epitaxial Wafer Mass Production, Wuhan Tianyuan Enters Market	https://www.trendforce.com/news/2026/09/03/news-inp-sector-gains-traction-sumitomo-initiates-epitaxial-wafer-mass-production-wuhan-tianyuan-enters-market-via-cny-7-5-million-acquisition/	raw/articles/2026-09-03_trendforce_inp-sumitomo-wuhan-tianyuan-epitaxial-wafer.md
tsmc equipment demand reportedly jumps 90 in just over half a year substrate capacity faces ai squeeze	TSMC Equipment Demand Reportedly Jumps 90% in Just Over Half a Year; Substrate Capacity Faces AI Squeeze	https://www.trendforce.com/news/2026/09/03/news-tsmc-equipment-demand-reportedly-jumps-90-in-just-over-half-a-year-substrate-capacity-faces-ai-squeeze/	raw/articles/2026-09-03_trendforce_tsmc-equipment-demand-90pct-substrate-squeeze.md
chip industry week in review 154	Chip Industry Week In Review #154	https://semiengineering.com/chip-industry-week-in-review-154/	raw/articles/2026-09-04_semieng_chip-week-154-india-semicon-heterogeneous-hbm.md
tsmc says panel packaging won t replace cowos anytime soon for the largest future ai processors wafer level tech can scale to 58 massive dies in one package	TSMC says panel packaging won't replace CoWoS anytime soon for the largest future AI processors — wafer-level tech can scale to 58 massive dies in one package	https://www.tomshardware.com/tech-industry/semiconductors/tsmc-says-panel-packaging-wont-replace-cowos-anytime-soon-for-the-largest-future-ai-processors-wafer-level-tech-can-scale-to-58-massive-dies-in-one-package	raw/articles/2026-09-04_tomshardware_tsmc-panel-packaging-wont-replace-cowos-58-dies.md
micron reportedly to add 60k hbm wafers m reaching 100k by year end to narrow gap with rivals	Micron Reportedly to Add 60K HBM Wafers/M, Reaching 100K by Year-End to Narrow Gap With Rivals	https://www.trendforce.com/news/2026/09/04/news-micron-reportedly-to-add-60k-hbm-wafersm-reaching-100k-by-year-end-to-narrow-gap-with-samsung-sk-hynix/	raw/articles/2026-09-04_trendforce_micron-hbm-100k-wpm-12hi-hbm4-ramp.md
sk hynix 1c dram reportedly to overtake 1b as main process in 1q27 as it prepares for hbm4e	SK hynix 1c DRAM Reportedly to Overtake 1b as Main Process in 1Q27 as It Prepares for HBM4E	https://www.trendforce.com/news/2026/09/07/news-sk-hynix-1c-dram-reportedly-to-overtake-1b-as-main-process-in-1q27-as-it-prepares-for-hbm4e/	raw/articles/2026-09-07_trendforce_skhynix-1c-dram-hbm4e-overtake-1b-1q27.md
cxmt starts lpddr6 mass production at 12 800mbps open to global customers as apple ties draw attention	CXMT Starts LPDDR6 Mass Production at 12,800Mbps; Open to Global Customers as Apple Ties Draw Attention	https://www.trendforce.com/news/2026/09/08/news-cxmt-starts-lpddr6-mass-production-at-12800mbps-open-to-global-customers-as-apple-ties-draw-attention/	raw/articles/2026-09-08_trendforce_cxmt-lpddr6-mass-production-12800mbps-apple.md
news samsung reportedly eyes in house silicon photonics pic testing by end 2026 with tsmc qualified tools	[News] Samsung Reportedly Eyes In-House Silicon Photonics PIC Testing by End-2026 with TSMC-Qualified Tools	https://www.trendforce.com/news/2026/09/08/news-samsung-reportedly-targets-in-house-silicon-photonics-pic-testing-by-end-2026-using-tsmc-qualified-tools/	raw/articles/2026-09-08_trendforce_samsung-siliconphotonics-pic-testing-cpo.md
intel displays tech to build extreme multi chiplet packages 12 times the size of the largest ai processors beating tsmc s biggest floorplan the size of a cellphone armed with hbm5 14a compute tiles and 18a sram	Intel displays tech to build extreme multi-chiplet packages 12 times the size of the largest AI processors, beating TSMC's biggest — floorplan the size of a cellphone, armed with HBM5, 14A compute tiles and 18A SRAM	https://www.tomshardware.com/tech-industry/semiconductors/intel-displays-tech-to-build-extreme-multi-chiplet-packages	raw/articles/2026-09-09_tomshardware_intel-extreme-multichiplet-12x-reticle-hbm5-14a-18a.md
news the race to 2028 samsung sk hynix set high na euv timelines for dram as micron stays tight lipped	[News] The Race to 2028: Samsung, SK hynix Set High-NA EUV Timelines for DRAM as Micron Stays Tight-Lipped	https://www.trendforce.com/news/2026/09/09/news-the-race-to-2028-samsung-sk-hynix-set-high-na-euv-timelines-for-dram-as-micron-stays-tight-lipped/	raw/articles/2026-09-09_trendforce_samsung-skhynix-highna-euv-dram-2028.md
chinese ai chipmakers reportedly hike prices on hbm costs huawei 950dt up as much as 50	Chinese AI Chipmakers Reportedly Hike Prices on HBM Costs, Huawei 950DT Up as Much as 50%	https://www.trendforce.com/news/2026/09/10/news-chinese-ai-chipmakers-reportedly-hike-prices-on-hbm-costs-huawei-950dt-up-as-much-as-50/	raw/articles/2026-09-10_trendforce_chinese-ai-chipmakers-hbm-price-hike-huawei-950dt.md
tsmc august revenue tops nt 500b for first time sets record for fourth straight month	TSMC August Revenue Tops NT$500B for First Time, Sets Record for Fourth Straight Month	https://www.trendforce.com/news/2026/09/10/news-tsmc-august-revenue-tops-nt500b-for-first-time-sets-record-for-fourth-straight-month/	raw/articles/2026-09-10_trendforce_tsmc-august-revenue-nt514b-record-fourth-month.md
tsmc s taichung 1 4nm p1 p2 fabs could begin mass production in 2027 ahead of 2028 plan	TSMC's Taichung 1.4nm P1, P2 Fabs Could Begin Mass Production in 2027, Ahead of 2028 Plan	https://www.trendforce.com/news/2026/09/10/news-tsmcs-taichung-1-4nm-p1-p2-fabs-could-begin-mass-production-in-2027-ahead-of-2028-plan/	raw/articles/2026-09-10_trendforce_tsmc-taichung-14nm-p1-p2-2027-ahead-of-plan.md
chip industry week in review week 155	Chip Industry Week in Review (Week #155)	https://semiengineering.com/chip-industry-week-in-review-155/	raw/articles/2026-09-11_semieng_chip-week-155-amkor-12b-kepler-rdl-ayarlabs.md
samsung cxmt reportedly supply lpddr5x for chinese ai phone as domestic memory enters flagship supply chain	Samsung, CXMT Reportedly Supply LPDDR5X for Chinese AI Phone as Domestic Memory Enters Flagship Supply Chain	https://www.trendforce.com/news/2026/09/11/news-samsung-cxmt-reportedly-supply-lpddr5x-for-chinese-ai-phone-as-domestic-memory-enters-flagship-supply-chain/	raw/articles/2026-09-11_trendforce_cxmt-lpddr5x-samsung-chinese-ai-phone.md
huawei unveils 7 2tbps near packaged optics module challenging nvidia and broadcom s cpo push	Huawei Unveils 7.2Tbps Near-packaged Optics Module, Challenging NVIDIA and Broadcom's CPO Push	https://www.trendforce.com/news/2026/09/11/news-huawei-unveils-7-2tbps-near-packaged-optics-module-challenging-nvidia-and-broadcoms-cpo-push/	raw/articles/2026-09-11_trendforce_huawei-npo-7-2tbps-cpo-challenge.md
news samsung qualcomm 2nm deal may slip to 2027 foundry resists lower pricing as process stabilizes	[News] Samsung-Qualcomm 2nm Deal May Slip to 2027; Foundry Resists Lower Pricing as Process Stabilizes	https://www.trendforce.com/news/2026/09/11/news-samsung-qualcomm-2nm-deal-may-slip-to-2027-foundry-resists-lower-pricing-as-process-stabilizes/	raw/articles/2026-09-11_trendforce_samsung-qualcomm-2nm-delay-foundry-pricing-power.md
chip industry technical paper roundup sept 14	Chip Industry Technical Paper Roundup: Sept. 14	https://semiengineering.com/chip-industry-technical-paper-roundup-sept-14/	raw/articles/2026-09-14_semieng_paper-roundup-sept14-chipsmore-reach-underfill.md
tsmc reportedly targets 22 2nm 16 3nm capacity boost by mid 2027 cowos to double by 2028	TSMC Reportedly Targets 22% 2nm, 16%+ 3nm Capacity Boost by Mid-2027; CoWoS to Double by 2028	https://www.trendforce.com/news/2026/09/14/news-tsmc-reportedly-targets-22-2nm-16-3nm-capacity-boost-by-mid-2027-cowos-to-double-by-2028/	raw/articles/2026-09-14_trendforce_tsmc-2nm-3nm-capacity-cowos-double-2028.md
ectc 2026 opens in orlando record papers on ai chip packaging drive substrate technology forward	ECTC 2026 Opens in Orlando: Record Papers on AI Chip Packaging Drive Substrate Technology Forward	https://www.atlaspcb.com/news/news-ectc-2026-ai-packaging-record-papers-substrates/	raw/articles/2026-09-15_atlaspcb_ectc2026-450nm-hybrid-bonding-substrate-market.md
tsmc pushes copos exclusivity to lock in next gen packaging lead cowos capacity to hit 140 000 wafers month by end of 2026	TSMC Pushes CoPoS Exclusivity to Lock In Next-Gen Packaging Lead — CoWoS Capacity to Hit 140,000 Wafers/Month by End of 2026	https://www.atlaspcb.com/news/news-tsmc-copos-cowos-advanced-packaging-capacity-2026/	raw/articles/2026-09-15_atlaspcb_tsmc-copos-exclusivity-cowos-capacity-2027.md
glass substrate roadmaps examined absolics in final qualification and a first product that keeps slipping	Glass substrate roadmaps examined — Absolics in final qualification and a first product that keeps slipping	https://www.tomshardware.com/tech-industry/manufacturing/glass-substrate-roadmap-examined	raw/articles/2026-09-15_tomshardware_glass-substrate-roadmaps-absolics-glasem.md
why everyone is talking about hybrid bonding and who is in the race	Why Everyone Is Talking About Hybrid Bonding, and Who Is in the Race	https://insights.trendforce.com/p/advanced-packaging-hybrid-bonding	raw/articles/2026-09-15_trendforce_hybrid-bonding-race-soic-foveros-pitch.md
ase launches 310mm panel level packaging line for ai and chiplet applications	ASE Launches 310mm Panel-Level Packaging Line for AI and Chiplet Applications	https://anysilicon.com/news/ase-launches-310mm-panel-level-packaging-line-for-ai-and-chiplet-applications/	raw/articles/2026-09-16_anysilicon_ase-310mm-panel-focos-bridge.md
imec and ev group demonstrate wafer to wafer hybrid bonding with 200nm interconnect pitch and record high overlay accuracy	Imec and EV Group demonstrate wafer-to-wafer hybrid bonding with 200nm interconnect pitch and record high overlay accuracy	https://www.imec-int.com/en/press/imec-and-ev-group-demonstrate-wafer-wafer-hybrid-bonding-200nm-interconnect-pitch-and-record	raw/articles/2026-09-16_imec_w2w-hybrid-bonding-200nm-pitch-40nm-overlay.md
how intel foundry packaging technologies redefine ai and hpc scalability limits at ectc 2026	How Intel Foundry Packaging Technologies Redefine AI and HPC Scalability Limits at ECTC 2026	https://community.intel.com/t5/Blogs/Intel-Foundry/Systems-Foundry-for-the-AI-Era/How-Intel-Foundry-Packaging-Technologies-Redefine-AI-and-HPC/post/1749493	raw/articles/2026-09-16_intel_ectc2026-emib-t-cpo-glass.md
die to wafer hybrid bonding at 1 m pitch removing bottleneck for ai hardware	Die-to-Wafer Hybrid Bonding At 1 μm Pitch, Removing Bottleneck for AI Hardware	https://irtnanoelec.fr/en/actualite/die-to-wafer-hybrid-bonding-at-1-%CE%BCm-pitch-removing-bottleneck-for-ai-hardware/	raw/articles/2026-09-16_irtnanoelec_d2w-hybrid-bonding-1um-pitch.md
silicon box ships 500m units at high yield expands production capacity for panel level packaging	Silicon Box Ships 500M Units at High Yield, Expands Production Capacity for Panel-Level Packaging	https://lifestyle.middletownlifemagazine.com/story/625093/silicon-box-ships-500m-units-at-high-yield-expands-production-capacity-for-panel-level-packaging/	raw/articles/2026-09-16_przen_silicon-box-500m-units-panel-scale.md
inspection and metrology catching up for high density fan out panel packaging	Inspection And Metrology Catching Up For High-Density Fan-Out Panel Packaging	https://semiengineering.com/inspection-and-metrology-catching-up-for-high-density-fan-out-panel-packaging/	raw/articles/2026-09-16_semieng_panel-inspection-metrology-hdfo.md
tackling key hbm and advanced packaging bottlenecks for the ai era	Tackling Key HBM and Advanced Packaging Bottlenecks for the AI Era	https://www.appliedmaterials.com/us/en/newsroom/blogs/tackling-key-hbm-and-advanced-packaging-bottlenecks-for-ai-era.html	raw/articles/2026-09-17_appliedmaterials_hbm-packaging-bottleneck-toolset.md
tsmc to establish advanced packaging hub in kaohsiung industrial park	TSMC to establish advanced packaging hub in Kaohsiung industrial park	https://focustaiwan.tw/business/202609020006	raw/articles/2026-09-17_focustaiwan_tsmc-kaohsiung-baipu-packaging-hub.md
how advanced packaging is reshaping inspection	How Advanced Packaging Is Reshaping Inspection	https://semiengineering.com/how-advanced-packaging-is-reshaping-inspection/	raw/articles/2026-09-17_semieng_advanced-packaging-reshaping-inspection.md
screening for known good interposers	Screening For Known Good Interposers	https://semiengineering.com/screening-for-known-good-interposers/	raw/articles/2026-09-17_semieng_known-good-interposer-screening.md
advanced packaging drives test and metrology innovations	Advanced Packaging Drives Test And Metrology Innovations	https://semiengineering.com/advanced-packaging-drives-test-and-metrology-innovations/	raw/articles/2026-09-17_semieng_packaging-drives-test-metrology-innovation.md
co packaged optics cpo foundry roadmaps breaking down tsmc intel samsung and globalfoundries approach to next generation scale up connectivity	Co-Packaged Optics (CPO) foundry roadmaps — breaking down TSMC, Intel, Samsung, and GlobalFoundries' approach to next-generation scale-up connectivity	https://www.tomshardware.com/tech-industry/artificial-intelligence/co-packaged-optics-cpo-foundry-roadmaps-breaking-down-tsmc-intel-samsung-and-globalfoundries-approach-to-next-generation-scale-up-connectivity	raw/articles/2026-09-17_tomshardware_cpo-foundry-roadmaps-four-way.md
sk hynix 16 layer hbm4 where micron samsung stand	SK Hynix 16-Layer HBM4: Where Micron, Samsung Stand	https://www.benzinga.com/news/26/09/61800956/sk-hynix-16-layer-hbm4-nvidia-rubin-micron-samsung	raw/articles/2026-09-18_benzinga_skhynix-16layer-hbm4-48gb-mass-production.md
applied materials besi push die to wafer hybrid bonding toward high volume manufacturing	Applied Materials, BESI Push Die-to-Wafer Hybrid Bonding Toward High-Volume Manufacturing	https://www.eetimes.com/applied-materials-besi-push-die-to-wafer-hybrid-bonding-toward-high-volume-manufacturing/	raw/articles/2026-09-18_eetimes_amat-besi-d2w-hybrid-bonding-hvm.md
cooling is critical for copackaged optics	Cooling is critical for copackaged optics	https://www.laserfocusworld.com/optics/article/55369207/phononic-cooling-is-critical-for-copackaged-optics	raw/articles/2026-09-18_laserfocusworld_cpo-thermoelectric-cooling-phononic.md
micron doubling hbm capacity as samsung sk hynix scale up	Micron doubling HBM capacity as Samsung, SK Hynix scale up	https://www.sammyfans.com/2026/09/12/micron-doubling-hbm-capacity-as-samsung-sk-hynix-scale-up/	raw/articles/2026-09-18_sammyfans_micron-hbm-capacity-doubling-60k-wspm.md
chiplet standards aim for plug n play	Chiplet Standards Aim For Plug-n-Play	https://semiengineering.com/chiplet-standards-aim-for-plug-n-play/	raw/articles/2026-09-18_semieng_chiplet-standards-plug-n-play.md
five key trends of co packaged optics cpo in 2026	Five Key Trends of Co-Packaged Optics (CPO) in 2026	https://blogs.sw.siemens.com/semiconductor-packaging/2026/02/05/five-key-trends-of-co-packaged-optics-cpo-in-2026/	raw/articles/2026-09-18_siemens_cpo-five-key-trends-2026.md
sk hynix begins hbm4 16 hi qualification bets on hybrid bonding for 20 hi and beyond	SK Hynix Begins HBM4 16-Hi Qualification, Bets on Hybrid Bonding for 20-Hi and Beyond	https://finance.biggo.com/news/757029bb-1b70-41cd-bf5f-96d6514871ee	raw/articles/2026-09-19_biggo_skhynix-hbm4-16hi-qual-hybrid-bonding-20hi.md
summary of ectc 2025 special session on hybrid bonding	Summary of ECTC 2025 Special Session on Hybrid Bonding	https://eps.ieee.org/wp-content/uploads/2026/03/Emerging-Technologies_-TC-Article_Hybrid-Bonding_031126_for_EPS_newsletter_FINAL.pdf	raw/articles/2026-09-19_ieee-eps_ectc2025-hybrid-bonding-special-session.md
cpo is shipping but foundries are taking four different routes	CPO Is Shipping, but Foundries Are Taking Four Different Routes	https://mlq.ai/news/cpo-is-shipping-but-foundries-are-taking-four-different-routes/	raw/articles/2026-09-19_mlq_cpo-four-foundry-routes.md
fine pitch hybrid bonding targets 6 m for volume as roadmaps push toward 1 m the deposition cmp and surface prep challenges ahead	Fine-Pitch Hybrid Bonding Targets 6 µm for Volume as Roadmaps Push Toward 1 µm — The Deposition, CMP, and Surface-Prep Challenges Ahead	https://ninescrolls.com/news/fine-pitch-hybrid-bonding-targets-6-m-for-volume-as-roadmaps-push-toward-1-m	raw/articles/2026-09-19_ninescrolls_fine-pitch-hb-cmp-surface-prep-6um-1um.md
hybrid bonding in 2026 tsmc ships 6 m while its newest disclosed customer stacks at 9 m	Hybrid Bonding in 2026: TSMC Ships 6 µm While Its Newest Disclosed Customer Stacks at 9 µm	https://ninescrolls.com/news/hybrid-bonding-in-2026-tsmc-ships-6-m-while-its-newest-disclosed-customer/	raw/articles/2026-09-19_ninescrolls_hybrid-bonding-2026-tsmc-6um-intel-9um.md
metrology under pressure detecting defects in fine pitch hybrid bonding	Metrology Under Pressure: Detecting Defects in Fine-Pitch Hybrid Bonding	https://semiengineering.com/metrology-under-pressure-detecting-defects-in-fine-pitch-hybrid-bonding/	raw/articles/2026-09-19_semieng_metrology-fine-pitch-hybrid-bonding-defects.md
tsmc s copos technology sparks revolution innolux partners with ibiden for glass core substrates while auo pivots to cpo	TSMC's CoPoS Technology Sparks Revolution: Innolux Partners with Ibiden for Glass Core Substrates, While AUO Pivots to CPO	https://finance.biggo.com/news/df3d41ae-119c-4b7b-a034-08c53a2fb94d	raw/articles/2026-09-20_biggo_innolux-ibiden-glass-core-auo-ennostar-cpo.md
application note an 5001 surface metrology for hybrid bonding in advanced semiconductor packaging	Application Note AN-5001: Surface Metrology for Hybrid Bonding in Advanced Semiconductor Packaging	https://www.bruker.com/en/products-and-solutions/semiconductor-solutions/automated-afm-metrology/resource-library/an-5001-surface-metrology-for-hybrid-bonding-in-advanced-semiconductor-packaging.html	raw/articles/2026-09-20_bruker_afm-surface-metrology-hybrid-bonding-rq-0.1-0.2nm.md
hybrid bonding fully dissected	Hybrid Bonding, Fully Dissected	https://www.damnang.com/p/hybrid-bonding-fully-dissected	raw/articles/2026-09-20_damnang_hybrid-bonding-fully-dissected-cmp-gating-factor.md
glass core substrates interposers 2026 ai packaging guide	Glass Core Substrates & Interposers: 2026 AI Packaging Guide	https://exponentialindustry.com/blog/2026-08-13-glass-core-substrates-ai-chip-packaging/	raw/articles/2026-09-20_exponentialindustry_glass-core-substrate-panel-yield-gap.md
is applied materials betting on hybrid bonding or hedging it	Is Applied Materials Betting on Hybrid Bonding, or Hedging It?	https://hyperframeresearch.com/2026/06/28/is-applied-materials-betting-on-hybrid-bonding-or-hedging-it/	raw/articles/2026-09-20_hyperframe_applied-materials-hybrid-bonding-hedge.md
hbm hybrid bonding the companies that dominate cmp will be the winners a complete overview of hybrid bonding	HBM Hybrid Bonding: The Companies That Dominate CMP Will Be the Winners - A Complete Overview of Hybrid Bonding	https://www.semiconsam.com/p/hbm-hybrid-bonding-the-companies	raw/articles/2026-09-20_semiconsam_hbm-hybrid-bonding-cmp-amat-monopoly.md
wfe cmp equipment applied materials reflexion ebara f rex slurry pads	WFE CMP Equipment: Applied Materials Reflexion, Ebara F-REX; Slurry, Pads	https://semiconductorx.com/wfe-cmp.php	raw/articles/2026-09-21_semiconductorx_cmp-equipment-share-lam-sabre-correction.md
hybrid bonding applied materials official product market page	Hybrid Bonding — Applied Materials (official product/market page)	https://www.appliedmaterials.com/us/en/semiconductor/markets-and-inflections/heterogeneous-integration/hybrid-bonding.html	raw/articles/2026-09-22_appliedmaterials_hybrid-bonding-opta-catalyst-cmp-primary.md
thermomechanical reliability of through glass vias and cvd liner solutions	Thermomechanical Reliability of Through Glass Vias and CVD Liner Solutions	10.4071/001c.167752	raw/papers/2026-03-05_imapspdf_amat-tgv-liner-FULLTEXT-60pct-stress-2x-adhesion.md
reliability evaluation for realizing panel level packaging for ai data centers and vehicles	Reliability Evaluation for Realizing Panel-Level Packaging for AI/Data Centers and Vehicles	10.4071/001c.167027	raw/papers/2026-03-05_imapspdf_aoi-electronics-panel-level-reliability-ev-inverter.md
scalable density advancement in embedded bridge interposers through adaptive patterning and adaptive pad stacks	Scalable Density Advancement in Embedded Bridge Interposers through Adaptive Patterning and Adaptive Pad Stacks	10.4071/001c.167502	raw/papers/2026-03-05_imapspdf_ase-deca-adaptive-patterning-bridge-placement-tolerance.md
glass core substrates for high density chiplet integration	Glass Core Substrates for High-Density Chiplet Integration	10.4071/001c.167746	raw/papers/2026-03-05_imapspdf_fraunhofer-izm-glass-core-tgv-rdl-four-year-roadmap.md
cost analysis of panel level packaging for hpc and ai applications	Cost Analysis of Panel-level Packaging for HPC and AI Applications	10.4071/001c.167018	raw/papers/2026-03-05_imapspdf_lujan-plp-cost-FULLTEXT-half-point-yield-erases-benefit.md
advances and challenges in copper copper bonding for 3d packaging interconnects	Advances and challenges in Copper–Copper bonding for 3D packaging interconnects	10.1016/j.jsamd.2026.101155	raw/papers/2026-03-27_sciencedirect_cu-cu-bonding-3d-packaging-review-quantitative.md
finite element analysis of warpage and debonding behavior in rdl first and molding first fan out panel level packaging	Finite element analysis of warpage and debonding behavior in RDL-first and molding-first fan-out panel-level packaging	10.1038/s41598-026-47275-2	raw/papers/2026-06-15_openalex_foplp-warpage-rdl-first-molding-first-fea.md
tiny chiplets enabled by packaging scaling opportunities in esd protection and signal integrity	Tiny Chiplets Enabled by Packaging Scaling: Opportunities in ESD Protection and Signal Integrity	https://arxiv.org/abs/2511.10760	raw/papers/2026-06-21_arxiv_tiny-chiplets-esd-protection-signal-integrity.md
cost analysis of panel level packaging for hpc and ai applications	Cost Analysis of Panel-level Packaging for HPC and AI Applications	10.4071/001c.167018	raw/papers/2026-08-12_openalex_lujan-plp-cost-analysis-310mm-advanced-fanout.md
thermo mechanical reliability of through glass vias modelling material design and process co optimization	Thermo Mechanical Reliability of Through Glass Vias: Modelling, Material Design and Process Co-optimization	10.4071/001c.167752	raw/papers/2026-08-19_openalex_amat-tgv-thermomechanical-liner-reliability.md
generative design optimizes liquid cooling channels for 2 5d and 3d packages um dearborn	Generative Design Optimizes Liquid-Cooling Channels For 2.5D And 3D Packages (UM-Dearborn)	https://semiengineering.com/generative-design-optimizes-liquid-cooling-channels-for-2-5d-and-3d-packages-um-dearborn/	raw/papers/2026-08-28_semieng_arxiv_um-dearborn-generative-design-liquid-cooling-2-5d-3d.md
hardware managed heterogeneous high bandwidth memory and flash in llm inference systems university of oxford	Hardware-Managed Heterogeneous High-Bandwidth Memory and Flash in LLM Inference Systems (University of Oxford)	https://semiengineering.com/hybrid-hbm-hbf-architecture-in-llm-inference-university-of-oxford/	raw/papers/2026-08-30_semieng_oxford-hybrid-hbm-hbf-llm-inference-hma.md
flint workload driven hbf substrate for capacity scalable llm inference huawei eth zurich hust	FLINT: Workload-Driven HBF Substrate For Capacity-Scalable LLM Inference (Huawei, ETH Zurich, HUST)	https://semiengineering.com/workload-driven-hbf-substrate-for-capacity-scalable-llm-inference-huawei-eth-zurich-hust/	raw/papers/2026-08-31_semieng_flint-hbf-substrate-llm-inference-huawei-eth-hust.md
in situ co integration of ru based buried power rails and ntsvs for advanced backside power delivery	In-situ Co-Integration of Ru-based Buried Power Rails and nTSVs for Advanced Backside Power Delivery	10.1016/j.chip.2026.100222	raw/papers/2026-09-01_openalex_ru-buried-power-rail-ntsv-cointegration.md
chip industry technical paper roundup sept 8	Chip Industry Technical Paper Roundup: Sept. 8	https://semiengineering.com/chip-industry-technical-paper-roundup-sept-8-2/	raw/papers/2026-09-08_semieng_chip-paper-roundup-sept8-hbf-m3d-sram-sipho.md
a mode aware hybrid machine learning framework for full field warpage prediction of fan out panel level packaging after debonding	A Mode-Aware Hybrid Machine-Learning Framework for Full-Field Warpage Prediction of Fan-Out Panel-Level Packaging After Debonding	10.3390/ma19163500	raw/papers/2026-09-14_openalex_foplp-warpage-ml-mode-aware-prediction.md
thermal management and reliability engineering of advanced hbm packages materials interfaces and integrated design strategies	Thermal Management and Reliability Engineering of Advanced HBM Packages: Materials, Interfaces, and Integrated Design Strategies	10.3390/mi17091065	raw/papers/2026-09-14_openalex_hbm-thermal-management-reliability-advanced-packages.md
self activated direct bonding with a highly polar atomic layer deposited film for 3d integration	Self-Activated Direct Bonding with a Highly Polar Atomic-Layer-Deposited Film for 3D Integration	10.1021/acsami.6c08143	raw/papers/2026-09-14_openalex_self-activated-direct-bonding-ald-al2o3-3d.md
silicon photonics for co packaged optics a review of core pic components and industry strategies	Silicon Photonics for Co-Packaged Optics: A Review of Core PIC Components and Industry Strategies	10.1002/admt.71266	raw/papers/2026-09-14_openalex_siph-cpo-pic-components-industry-review.md
design and optimization of strip level fan out packages with fine pitch redistribution layers	Design and optimization of strip-level fan-out packages with fine-pitch redistribution layers	10.1016/j.mssp.2026.111160	raw/papers/2026-09-14_openalex_strip-level-fanout-5um-rdl-warpage-rsm.md
through glass via enabled 3d fan out wafer level packaging for high bandwidth co packaged optical engines	Through-glass-via-enabled 3D fan-out wafer-level packaging for high-bandwidth co-packaged optical engines	10.1117/1.apn.5.3.036020	raw/papers/2026-09-14_openalex_tgv-3d-fowlp-copackaged-optical-engine.md
numerical investigation of electro thermal coupling in tsv embedded microchannel cooling with variable cross section cylindrical fin structures	Numerical investigation of electro-thermal coupling in TSV-embedded microchannel cooling with variable cross-section cylindrical fin structures	10.1016/j.icheatmasstransfer.2026.112486	raw/papers/2026-09-14_openalex_tsv-microchannel-cooling-convex-pinfin.md
glass packaging for chiplets heterogeneous integration	Glass Packaging for Chiplets Heterogeneous Integration	10.4071/001c.169986	raw/papers/2026-09-15_imapspdf_lau-glass-packaging-FULLTEXT-panel-economics.md
advanced electronic packaging technologies a comparative review of architectures applications reliability	Advanced Electronic Packaging Technologies: A Comparative Review of Architectures, Applications, Reliability	10.3390/mi17091039	raw/papers/2026-09-15_openalex_advanced-packaging-architectures-comparative-review.md
diecare diekill correct ecc for hbm reliability without additional dies	DieCARE: Diekill-Correct ECC for HBM Reliability Without Additional Dies	10.1109/tc.2026.3703497	raw/papers/2026-09-15_openalex_diecare-diekill-correct-ecc-hbm.md
study on delamination of typical heterogeneous interfaces in redistribution layers in fan out wafer level packaging	Study on delamination of typical heterogeneous interfaces in redistribution layers in fan-out wafer-level packaging	10.1063/5.0336912	raw/papers/2026-09-15_openalex_fowlp-rdl-interface-delamination-dcb.md
closed form reliability and bandwidth evaluation for hbm architectures via binary die k out of n aggregation	Closed-Form Reliability and Bandwidth Evaluation for HBM Architectures via Binary-Die k-out-of-N Aggregation	10.3390/electronics15173800	raw/papers/2026-09-15_openalex_hbm-reliability-bandwidth-k-out-of-n.md
electro mechanical response of tsv rdl interconnects under electron irradiation	Electro-mechanical response of TSV-RDL interconnects under electron irradiation	10.1108/mi-11-2025-0233	raw/papers/2026-09-15_openalex_tsv-rdl-electron-irradiation-geant4-comsol.md
reduction behavior and mechanism of copper oxide in ar h2 pulsed plasma	Reduction behavior and mechanism of copper oxide in Ar/H2 pulsed plasma	10.1038/s41598-026-64670-x	raw/papers/2026-09-16_openalex_copper-oxide-reduction-ar-h2-pulsed-plasma.md
interconnect diameter effects on the thermo mechanical reliability of sandwich structured cu cu bonded stacked dies	Interconnect diameter effects on the thermo-mechanical reliability of sandwich-structured Cu–Cu bonded stacked dies	10.1177/10996362261490182	raw/papers/2026-09-16_openalex_cu-cu-interconnect-diameter-nonmonotonic-reliability.md
power integrity analysis and evaluation of a dual interposer hbm structure	Power Integrity Analysis and Evaluation of a Dual-Interposer HBM Structure	10.3390/electronics15163750	raw/papers/2026-09-16_openalex_dual-interposer-hbm-power-integrity.md
low temperature fast copper to copper bonding enabled by microwave induced interfacial field amplification	Low Temperature, Fast Copper–to–Copper Bonding Enabled by Microwave-Induced Interfacial Field Amplification	10.1021/acsaelm.6c01533	raw/papers/2026-09-16_openalex_microwave-anneal-cu-cu-bonding-150c-3min.md
understanding sidewall passivation composition of single step non bosch processes for deep si etch using alternative gas mixtures	Understanding sidewall passivation composition of single-step non-Bosch processes for deep Si etch using alternative gas mixtures	10.1116/6.0005520	raw/papers/2026-09-16_openalex_non-bosch-deep-si-etch-sidewall-passivation.md
biaxial bending strength of tgv glass substrates in ring on ring tests stress analysis and experimental investigation	Biaxial bending strength of TGV glass substrates in ring-on-ring tests: Stress analysis and experimental investigation	10.1016/j.mssp.2026.111165	raw/papers/2026-09-16_openalex_tgv-glass-biaxial-bending-ring-on-ring.md
challenges and strategic drivers in 3d ic failure analysis closing the critical gaps using designs for analysis	Challenges and Strategic Drivers in 3D IC Failure Analysis: Closing the Critical Gaps using Designs for Analysis	10.1007/s11668-026-02506-6	raw/papers/2026-09-17_openalex_3dic-failure-analysis-design-for-analysis.md
a smart sensor augmented probe card for wafer level photonic testing of co packaged optics devices	A Smart, Sensor-Augmented Probe Card for Wafer-Level Photonic Testing of Co-Packaged Optics Devices	10.3390/chips5030021	raw/papers/2026-09-17_openalex_cpo-wafer-level-photonic-probe-card.md
hy san a hybrid shape aware network for artifact suppressed sparse view computed tomography of through silicon vias	Hy-SAN: a hybrid shape-aware network for artifact-suppressed sparse-view computed tomography of through-silicon vias	10.1080/10589759.2026.2728079	raw/papers/2026-09-17_openalex_hysan-sparse-view-xct-tsv-inspection.md
reflective lensless through silicon phase imaging for advanced semiconductor packaging metrology	Reflective lensless through-silicon phase imaging for advanced semiconductor packaging metrology	10.1063/5.0333722	raw/papers/2026-09-17_openalex_lensless-through-silicon-phase-imaging-metrology.md
wet surface treatment for preventing pattern collapse of dry film photoresist in panel level redistribution layer interposer fabrication	Wet Surface Treatment for Preventing Pattern Collapse of Dry-Film Photoresist in Panel-Level Redistribution Layer Interposer Fabrication	10.3390/polym18182249	raw/papers/2026-09-17_openalex_panel-rdl-dfr-pattern-collapse-bhac-rinse.md
molecular dynamics study of co co interfacial diffusion for low temperature hybrid bonding effects of orientation and surface roughness	Molecular dynamics study of Co/Co interfacial diffusion for low-temperature hybrid bonding: Effects of orientation and surface roughness	10.1016/j.mssp.2026.111179	raw/papers/2026-09-18_openalex_cobalt-cobalt-low-temp-hybrid-bonding-md.md
surface morphology and oxide phases of cu pads in vias under thermal annealing in air	Surface morphology and oxide phases of Cu pads in vias under thermal annealing in air	10.1116/6.0005605	raw/papers/2026-09-18_openalex_ibm-cu-pad-oxide-phases-annealing-vias.md
co packaged optics for high performance computing and artificial intelligence	Co-packaged optics for high-performance computing and artificial intelligence	10.1038/s41928-026-01681-6	raw/papers/2026-09-18_openalex_nature-electronics-cpo-hpc-ai-roadmap.md
revealing the effects of particle shape and distribution on the direct wafer to wafer bonding dynamics	Revealing the effects of particle shape and distribution on the direct wafer-to-wafer bonding dynamics	10.1063/5.0341214	raw/papers/2026-09-18_openalex_particle-shape-w2w-bonding-void-dynamics.md
experimental and multiphysics simulation of through glass vias fabricated by laser induced method model prediction and validation	Experimental and Multiphysics Simulation of Through Glass Vias Fabricated by Laser-Induced Method: Model Prediction and Validation	10.1002/admt.71270	raw/papers/2026-09-18_openalex_tgv-laser-koh-etch-multiphysics-25um.md
low temperature and room temperature surface activated au au bonding surface requirements preparation methods and emerging applications	Low-Temperature and Room-Temperature Surface-Activated Au–Au Bonding: Surface Requirements, Preparation Methods, and Emerging Applications	10.3390/s26185939	raw/papers/2026-09-19_openalex_au-au-surface-activated-bonding-stricter-than-tcb.md
a wafer level alignment for 3d ic hybrid bonding based on quality aware observation and adaptive full field robust estimation	A Wafer-Level Alignment for 3D IC Hybrid Bonding Based on Quality-Aware Observation and Adaptive Full-Field Robust Estimation	10.5281/zenodo.22719694	raw/papers/2026-09-19_openalex_bwstar-wafer-level-alignment-full-field-overlay.md
investigation of the interfacial thermal resistance of cu ta heterostructure in the through glass via wafer	Investigation of the interfacial thermal resistance of Cu/Ta heterostructure in the through glass via wafer	10.1088/1361-651X/ae93e6	raw/papers/2026-09-19_openalex_cu-ta-interfacial-thermal-resistance-tgv.md
voltage control scheme to mitigate thermal effects in hybrid bonding 3d nand	Voltage Control Scheme to Mitigate Thermal Effects in Hybrid Bonding 3D NAND	10.5573/jsts.2026.26.4.292	raw/papers/2026-09-19_openalex_hb-3dnand-thermal-vth-voltage-control.md
cu cu hybrid bonding for chiplets heterogeneous integration	Cu-Cu Hybrid Bonding for Chiplets Heterogeneous Integration	10.4071/001c.164804	raw/papers/2026-09-19_openalex_lau-cucu-hybrid-bonding-chiplets-review.md
glass packaging for chiplets heterogeneous integration	Glass Packaging for Chiplets Heterogeneous Integration	10.4071/001c.169986	raw/papers/2026-09-19_openalex_lau-glass-packaging-chiplets-review.md
research on the patterning polyimide layer based on laser ablation technology	Research on the Patterning Polyimide Layer Based on Laser Ablation Technology	10.1021/acsomega.6c07277	raw/papers/2026-09-19_openalex_polyimide-laser-ablation-patterning-taper.md
precision depth metrology of high aspect ratio through silicon vias using electro optic dual comb time of flight ranging	Precision depth metrology of high-aspect-ratio through-silicon vias using electro-optic dual-comb time-of-flight ranging	10.1016/j.optlastec.2026.116419	raw/papers/2026-09-19_openalex_tsv-depth-metrology-dual-comb-tof.md
warpage and stress evolution in double sided dram during sequential reflow	Warpage and Stress Evolution in Double-Sided DRAM During Sequential Reflow	10.1016/j.jmrt.2026.09.095	raw/papers/2026-09-20_openalex_double-sided-dram-sequential-reflow-warpage-stress.md
real time spectral signal processing for robust thickness monitoring during wafer thinning	Real-time spectral signal processing for robust thickness monitoring during wafer thinning	10.1016/j.ymssp.2026.114971	raw/papers/2026-09-20_openalex_in-situ-wafer-thinning-thickness-monitoring-3um.md
interfacial engineering with a low k organic buffer layer for cu metallization of through glass vias in glass core substrates	Interfacial engineering with a low-k organic buffer layer for Cu metallization of through-glass vias in glass core substrates	10.1038/s41598-026-65922-6	raw/papers/2026-09-20_openalex_low-k-organic-buffer-tgv-cu-metallization.md
effect of surface tension of cleaning solutions on the cleanability of through glass via tgv substrates	Effect of Surface Tension of Cleaning Solutions on the Cleanability of Through-Glass via (TGV) Substrates	10.3390/mi17080920	raw/papers/2026-09-20_openalex_tgv-cleanability-surface-tension-contact-angle.md
advances in morphology control of through glass via wet etching for high performance glass based packaging	Advances in Morphology Control of Through-Glass via Wet Etching for High-Performance Glass-Based Packaging	10.3390/mi17091100	raw/papers/2026-09-20_openalex_tgv-wet-etching-morphology-control-review.md
vacuum assisted void free copper filling of high aspect ratio through glass vias for advanced interposers	Vacuum-assisted void-free copper filling of high-aspect-ratio through-glass vias for advanced interposers	10.1016/j.jmrt.2026.08.005	raw/papers/2026-09-20_openalex_vacuum-assisted-void-free-cu-fill-tgv-ar10.md
chemical mechanical polishing slurry and method of forming same	Chemical mechanical polishing slurry and method of forming same	EPO:95727703:CN120035162A	raw/patents/2025-05-23_CN120035162A_tsmc-cmp-slurry-titania-silica-dual-material.md
die to wafer direct hybrid bonding method	Die-to-wafer direct hybrid bonding method（ダイツーウエハー直接ハイブリッド接合方法）	EPO:86329185:JP2026501395A	raw/patents/2026-01-14_JP2026501395A_cea-set-d2w-direct-hybrid-bonding.md
multi pass optical measurement of semiconductor structures	Multi-pass optical measurement of semiconductor structures	EPO:94172525:CN121488155A	raw/patents/2026-02-06_CN121488155A_kla-multi-pass-optical-measurement.md
high strength rapid mixed bonding method	High-strength rapid mixed bonding method（高強度快速混合鍵合方法）	EPO:98673370:CN121511008A	raw/patents/2026-02-10_CN121511008A_shanghai-univ-citric-acid-cu-reduction-sog-bonding.md
chemical mechanical polishing for hybrid bonding	CHEMICAL MECHANICAL POLISHING FOR HYBRID BONDING	EPO:65808955:EP4709132A2	raw/patents/2026-03-11_EP4709132A2_adeia-cmp-for-hybrid-bonding.md
three dimensional heterogeneous structure based on plastic package opening and tsv hybrid bonding and manufacturing method	Three-dimensional heterogeneous structure based on plastic package opening and TSV hybrid bonding and manufacturing method	EPO:98995490:CN121666157A	raw/patents/2026-03-13_CN121666157A_zhuhai-tiancheng-mold-via-tsv-tcb-hybrid-bonding-avoidance.md
method for the bonding and debonding of substrates	Method for the bonding and debonding of substrates	EPO:57223662:TW202611995A	raw/patents/2026-03-16_TW202611995A_evgroup-laser-soluble-release-layer-bond-debond.md
packaging substrate	PACKAGING SUBSTRATE	EPO:97388510:US20260123487A1	raw/patents/2026-04-30_US20260123487A1_absolics-rdl-cu-grain-aspect-ratio-symmetry.md
packaging substrate	PACKAGING SUBSTRATE	EPO:97388424:US20260123495A1	raw/patents/2026-04-30_US20260123495A1_absolics-glass-substrate-eluted-impurity-spec.md
method for improving throughput of packaging lithography at lower resolutions	METHOD FOR IMPROVING THROUGHPUT OF PACKAGING LITHOGRAPHY AT LOWER RESOLUTIONS	EPO:100312438:US20260186421A1	raw/patents/2026-07-02_US20260186421A1_onto-hybrid-photolithography-direct-write-panel.md
heat transfer coupler for semiconductor package assembly processes	HEAT TRANSFER COUPLER FOR SEMICONDUCTOR PACKAGE ASSEMBLY PROCESSES	EPO:100313000:US20260191069A1	raw/patents/2026-07-02_US20260191069A1_intel-heat-transfer-coupler-tcb-nozzle.md
chip stacking and packaging structure and chip stacking and packaging method	Chip stacking and packaging structure and chip stacking and packaging method	EPO:100479773:CN122396357A	raw/patents/2026-07-14_CN122396357A_meadville-glass-substrate-tcb-cmp-cyclic-stacking.md
socket system test jig and methods	SOCKET SYSTEM TEST JIG AND METHODS	EPO:100490887:US20260202438A1	raw/patents/2026-07-16_US20260202438A1_amkor-socket-test-jig-coaxial-pusher.md
determining bond quality of thermo compression bonds between dies and substrates based on surface tension	DETERMINING BOND QUALITY OF THERMO-COMPRESSION BONDS BETWEEN DIES AND SUBSTRATES BASED ON SURFACE TENSION	EPO:101168492:WO2026182734A1	raw/patents/2026-09-03_WO2026182734A1_besi-solder-surface-tension-inline-bond-quality.md
three dimensional memory architecture with hybrid bonding	THREE-DIMENSIONAL MEMORY ARCHITECTURE WITH HYBRID BONDING	EPO:96174196:CN121605766A	raw/patents/2026-09-14_CN121605766A_intel-3d-memory-sub1um-hybrid-bonding.md
hybrid interposer and method of forming same	Hybrid interposer and method of forming same	EPO:99850930:CN122094515A	raw/patents/2026-09-14_CN122094515A_jcet-hybrid-glass-silicon-interposer.md
package and method of forming same photonic engine with grating couplers	PACKAGE AND METHOD OF FORMING SAME (PHOTONIC ENGINE WITH GRATING COUPLERS)	EPO:100036235:CN122260581A	raw/patents/2026-09-14_CN122260581A_tsmc-photonic-engine-grating-coupler-cpo.md
package structure logic memory over interposer	PACKAGE STRUCTURE (LOGIC + MEMORY OVER INTERPOSER)	EPO:96347795:CN224007096U	raw/patents/2026-09-14_CN224007096U_tsmc-logic-memory-package-interposer.md
edge coating of framed glass core substrates	EDGE COATING OF FRAMED GLASS CORE SUBSTRATES	EPO:98977174:JP2026059728A	raw/patents/2026-09-14_JP2026059728A_intel-glass-core-substrate-edge-coating.md
local silicon interposer die with metallic vias having a barrier structure and methods of forming the same	LOCAL SILICON INTERPOSER DIE WITH METALLIC VIAS, HAVING A BARRIER STRUCTURE AND METHODS OF FORMING THE SAME	EPO:99140799:US20260090444A1	raw/patents/2026-09-14_US20260090444A1_tsmc-local-silicon-interposer-via-barrier.md
via structures for hybrid bonding architectures	VIA STRUCTURES FOR HYBRID BONDING ARCHITECTURES	EPO:100905151:US20260262485A1	raw/patents/2026-09-14_US20260262485A1_intel-hybrid-bonding-via-structures.md
technologies for base die thermal management in high bandwidth memory systems	TECHNOLOGIES FOR BASE DIE THERMAL MANAGEMENT IN HIGH-BANDWIDTH MEMORY SYSTEMS	EPO:98053389:US20260271308A1	raw/patents/2026-09-14_US20260271308A1_intel-hbm-base-die-thermal-heat-transfer-layers.md
technologies for base die placement in high bandwidth memory systems	TECHNOLOGIES FOR BASE DIE PLACEMENT IN HIGH-BANDWIDTH MEMORY SYSTEMS	EPO:100985093:US20260271782A1	raw/patents/2026-09-14_US20260271782A1_intel-hbm-base-die-mid-stack-placement.md
heat mitigating high bandwidth devices in system in package devices and associated systems and methods	HEAT-MITIGATING HIGH-BANDWIDTH DEVICES IN SYSTEM-IN-PACKAGE DEVICES AND ASSOCIATED SYSTEMS AND METHODS	EPO:97231498:WO2025212237A1	raw/patents/2026-09-14_WO2025212237A1_micron-heat-mitigating-hbm-sip-top-io.md
glass substrate singulation method and glass substrate unit manufactured thereby	Glass substrate singulation method and glass substrate unit manufactured thereby	EPO:99667689:CN122342272A	raw/patents/2026-09-15_CN122342272A_lgchem-glass-core-substrate-singulation.md
method of manufacturing semiconductor device including bonding of substrate structures	METHOD OF MANUFACTURING SEMICONDUCTOR DEVICE INCLUDING BONDING OF SUBSTRATE STRUCTURES	EPO:100037846:US20260165219A1	raw/patents/2026-09-15_US20260165219A1_skhynix-negative-charge-pad-bonding.md
semiconductor device having guard ring	SEMICONDUCTOR DEVICE HAVING GUARD RING	EPO:100119831:US20260173880A1	raw/patents/2026-09-15_US20260173880A1_skhynix-guard-ring-bonded-structures.md
memory device semiconductor package including the same and method of fabricating thereof	MEMORY DEVICE, SEMICONDUCTOR PACKAGE INCLUDING THE SAME, AND METHOD OF FABRICATING THEREOF	EPO:100392609:US20260198018A1	raw/patents/2026-09-15_US20260198018A1_skhynix-hbm-bonding-insulating-layer-tsv.md
electronic devices and methods of manufacturing electronic devices	ELECTRONIC DEVICES AND METHODS OF MANUFACTURING ELECTRONIC DEVICES	EPO:100647165:US20260223669A1	raw/patents/2026-09-15_US20260223669A1_amkor-tim-flow-layer-sidewall-lid.md
alignment mark protection method and panel level packaging structure	Alignment mark protection method and panel-level packaging structure / 對位標記保護方法與面板級封裝結構	EPO:100638797:CN122476946A	raw/patents/2026-09-16_CN122476946A_xianfeng-alignment-mark-protection-plp.md
photoelectric hybrid redistribution structure	Photoelectric hybrid redistribution structure / 光電混合重佈線結構	EPO:100681519:CN224583735U	raw/patents/2026-09-16_CN224583735U_ase-photoelectric-hybrid-rdl.md
package structure bridge chip assembly with molded backside connectors	Package structure (bridge chip assembly with molded backside connectors) / 封裝結構	EPO:100676126:CN224583751U	raw/patents/2026-09-16_CN224583751U_ase-bridge-chip-assembly-molded.md
method of manufacturing fan out packaging device and fan out packaging device manufactured thereby	METHOD OF MANUFACTURING FAN-OUT PACKAGING DEVICE AND FAN-OUT PACKAGING DEVICE MANUFACTURED THEREBY	EPO:93211897:EP4697377A1	raw/patents/2026-09-16_EP4697377A1_siliconbox-fanout-panel-metal-sealing-ring.md
package structure rdl i o count lower than substrate i o count	PACKAGE STRUCTURE (RDL I/O count lower than substrate I/O count)	EPO:100903251:US20260248002A1	raw/patents/2026-09-16_US20260248002A1_ase-rdl-io-count-less-than-substrate.md
semiconductor device and manufacturing method using microwave based debonding	使用基於微波的剝離的半導體器件及製造方法 / Semiconductor device and manufacturing method using microwave-based debonding	EPO:101273744:CN122766296A	raw/patents/2026-09-17_CN122766296A_jcet-microwave-debonding-carrier.md
semiconductor device and method of making using dual laser compression bonding	半導體器件以及使用雙雷射壓縮鍵合來製作的方法 / Semiconductor device and method of making using dual-laser compression bonding	EPO:101256577:CN122766387A	raw/patents/2026-09-17_CN122766387A_jcet-dual-laser-compression-bonding.md
interconnect stack and a method for forming the same	INTERCONNECT STACK AND A METHOD FOR FORMING THE SAME	EPO:100820508:US20260239928A1	raw/patents/2026-09-17_US20260239928A1_jcet-hybrid-bonding-substack-test.md
semiconductor package including vertically stacked semiconductor chips	SEMICONDUCTOR PACKAGE INCLUDING VERTICALLY STACKED SEMICONDUCTOR CHIPS	EPO:100903221:US20260247940A1	raw/patents/2026-09-17_US20260247940A1_samsung-porous-filler-ncf-stacked-chips.md
interposer semiconductor package including interposer and testing method for interposer	INTERPOSER, SEMICONDUCTOR PACKAGE INCLUDING INTERPOSER, AND TESTING METHOD FOR INTERPOSER	EPO:100987711:US20260256000A1	raw/patents/2026-09-17_US20260256000A1_samsung-interposer-test-pad-early-screening.md
bottom tool part of a tool for processing carrier based electronic components carrier processing system and method	BOTTOM TOOL PART OF A TOOL FOR PROCESSING CARRIER BASED ELECTRONIC COMPONENTS, CARRIER PROCESSING SYSTEM AND METHOD	EPO:95699597:WO2026192456A1	raw/patents/2026-09-17_WO2026192456A1_besi-movable-centering-pin-carrier-positioning.md
microelectronic assemblies including a partial liner in through glass vias	MICROELECTRONIC ASSEMBLIES INCLUDING A PARTIAL LINER IN THROUGH-GLASS VIAS	EPO:99632522:US20260136975A1	raw/patents/2026-09-18_US20260136975A1_intel-partial-liner-tgv-stress.md
die to wafer bonded memory structures and methods of making the same	DIE-TO-WAFER BONDED MEMORY STRUCTURES AND METHODS OF MAKING THE SAME	EPO:99884234:US20260150301A1	raw/patents/2026-09-18_US20260150301A1_sandisk-d2w-bonded-memory-offset-pads.md
electronic devices and methods of manufacturing electronic devices cte balancing about a beam neutral axis	ELECTRONIC DEVICES AND METHODS OF MANUFACTURING ELECTRONIC DEVICES (CTE balancing about a beam-neutral axis)	EPO:100037816:US20260165128A1	raw/patents/2026-09-18_US20260165128A1_amkor-cte-balance-beam-neutral-axis.md
bottom up through glass via plating techniques	BOTTOM-UP THROUGH-GLASS VIA PLATING TECHNIQUES	EPO:100312115:US20260191064A1	raw/patents/2026-09-18_US20260191064A1_intel-bottom-up-tgv-plating-airgap.md
small via diameter tgv with adhesion layer	SMALL VIA DIAMETER TGV WITH ADHESION LAYER	EPO:98692272:WO2026164778A1	raw/patents/2026-09-18_WO2026164778A1_corning-small-diameter-tgv-adhesion-layer.md
optical engine and co packaged optical device	Optical engine and co-packaged optical device	EPO:99727976:CN122043677A	raw/patents/2026-09-19_CN122043677A_auo-optical-engine-copackaged-optical-device.md
decoupled floating bonding stage	DECOUPLED FLOATING BONDING STAGE	EPO:99436762:US20260107808A1	raw/patents/2026-09-19_US20260107808A1_asmpt-decoupled-floating-bonding-stage.md
hybrid bonding structure with thermal dissipation	HYBRID BONDING STRUCTURE WITH THERMAL DISSIPATION	EPO:99550345:US20260123509A1	raw/patents/2026-09-19_US20260123509A1_ibm-hybrid-bonding-thermal-dissipation.md
structures and methods for local heating of hybrid bonding contact	STRUCTURES AND METHODS FOR LOCAL HEATING OF HYBRID BONDING CONTACT	EPO:100489515:US20260206661A1	raw/patents/2026-09-19_US20260206661A1_adeia-local-heating-hybrid-bonding-contact.md
hybrid bond interface structure including multiple dielectric layers	HYBRID-BOND INTERFACE STRUCTURE INCLUDING MULTIPLE DIELECTRIC LAYERS	EPO:101213222:US20260271780A1	raw/patents/2026-09-19_US20260271780A1_micron-hybrid-bond-densified-dielectric.md
hybrid bonding structure and forming method thereof	Hybrid bonding structure and forming method thereof	EPO:100509804:CN122421815A	raw/patents/2026-09-20_CN122421815A_jcet-asymmetric-organic-dielectric-cu-grain-bonding.md
package substrate and semiconductor package substrate	PACKAGE SUBSTRATE AND SEMICONDUCTOR PACKAGE SUBSTRATE	EPO:99016254:JP2026047137A	raw/patents/2026-09-20_JP2026047137A_kaneka-glass-core-polyimide-insulating-layer-quantified.md
build up bonding layer process and structure for low temperature bonding	BUILD UP BONDING LAYER PROCESS AND STRUCTURE FOR LOW TEMPERATURE BONDING	EPO:99226182:US20260096463A1	raw/patents/2026-09-20_US20260096463A1_adeia-buildup-organic-dielectric-low-temp-bonding.md
low temperature hybrid bonding method and hybrid bonding assembly accordingly	LOW-TEMPERATURE HYBRID BONDING METHOD AND HYBRID BONDING ASSEMBLY ACCORDINGLY	EPO:99551631:US20260123559A1	raw/patents/2026-09-20_US20260123559A1_seoultech-hydrocarbon-plasma-low-temp-hybrid-bonding.md
bonding layer and process	BONDING LAYER AND PROCESS	EPO:91080510:US20260240057A1	raw/patents/2026-09-20_US20260240057A1_tokyo-electron-curable-covalent-bonding-layer.md
advanced chip packaging technologies market to reach 87 6 billion by 2030 driven by ai and high performance computing demand	Advanced Chip Packaging Technologies Market to Reach $87.6 Billion by 2030, Driven by AI and High-Performance Computing Demand	https://www.globenewswire.com/news-release/2026/08/11/3342689/0/en/advanced-chip-packaging-technologies-market-to-reach-87-6-billion-by-2030-driven-by-ai-and-high-performance-computing-demand.html	raw/reports/2026-08-11_bccresearch_advanced-chip-packaging-market-87-6b-2030.md
			raw/reports/先進封裝趨勢報告_2026-04-24.md
